DISTRITO,COD_DIST,UGM,HOMBRES,MUJERES,TOTAL,CARENCIAS_ALBERGUE,CARENCIAS_ALBERGUE_HOMBRES,CARENCIAS_ALBERGUE_MUJERES,CARENCIAS_ACCESO_VIDA_SALUDABLE,CARENCIAS_ACCESO_VIDA_SALUDABLE_HOMBRES,CARENCIAS_ACCESO_VIDA_SALUDABLE_MUJERES,CARENCIAS_CONOCIMIENTO,CARENCIAS_CONOCIMIENTO_HOMBRES,CARENCIAS_CONOCIMIENTO_MUJERES,CARENCIAS_ACCESO_OTROS_BIENES,CARENCIAS_ACCESO_OTROS_BIENES_HOMBRES,CARENCIAS_ACCESO_OTROS_BIENES_MUJERES,SIN_CARENCIAS,SIN_CARENCIAS_HOMBRES,SIN_CARENCIAS_MUJERES,CARENCIAS_1,CARENCIAS_1_HOMBRES,CARENCIAS_1_MUJERES,CARENCIAS_2,CARENCIAS_2_HOMBRES,CARENCIAS_2_MUJERES,CARENCIAS_3,CARENCIAS_3_HOMBRES,CARENCIAS_3_MUJERES,CARENCIAS_4,CARENCIAS_4_HOMBRES,CARENCIAS_4_MUJERES,NULO,CON_CARENCIAS,CON_CARENCIAS_HOMBRES,CON_CARENCIAS_MUJERES,TOTAL_2,NORMALIZACION_BASE_100_CARENCIAS,SIN_LIMITACIONES,SIN_LIMITACIONES_HOMBRES,SIN_LIMITACIONES_MUJERES,CON_LIMITACIONES,CON_LIMITACIONES_HOMBRES,CON_LIMITACIONES_MUJERES,LIMITACION_VISUAL,LIMITACION_VISUAL_HOMBRES,LIMITACION_VISUAL_MUJERES,LIMITACION_AUDITIVA,LIMITACION_AUDITIVA_HOMBRES,LIMITACION_AUDITIVA_MUJERES,LIMITACION_HABLAR,LIMITACION_HABLAR_HOMBRES,LIMITACION_HABLAR_MUJERES,LIMITACION_CAMINAR,LIMITACION_CAMINAR_HOMBRES,LIMITACION_CAMINAR_MUJERES,LIMITACION_BRAZOS_Y_PIERNAS,LIMITACION_BRAZOS_Y_PIERNAS_HOMBRES,LIMITACION_BRAZOS_Y_PIERNAS_MUJERES,LIMITACION_INTELECTUAL,LIMITACION_INTELECTUAL_HOMBRES,LIMITACION_INTELECTUAL_MUJERES,LIMITACION_MENTAL,LIMITACION_MENTAL_HOMBRES,LIMITACION_MENTAL_MUJERES,TOTAL_3,NORMALIZACION_BASE_100_LIMITACIONES,DEPENDENCIA_EDAD_0_14,DEPENDENCIA_EDAD_0_14_HOMBRES,DEPENDENCIA_EDAD_0_14_MUJERES,DEPENDENCIA_EDAD_MAYORIGUAL_65,DEPENDENCIA_EDAD_MAYORIGUAL_65_HOMBRES,DEPENDENCIA_EDAD_MAYORIGUAL_65_MUJERES,EDAD_15_64,EDAD_15_64_HOMBRES,EDAD_15_64_MUJERES,POBLACION_DEPENDIENTE,POBLACION_DEPENDIENTE_HOMBRES,POBLACION_DEPENDIENTE_MUJERES,TOTAL_4,NORMALIZACION_BASE_100_DEPENDIENTES,POBLACION_DESOCUPADA,POBLACION_DESOCUPADA_HOMBRES,POBLACION_DESOCUPADA_MUJERES,POBLACION_OCUPADA,POBLACION_OCUPADA_HOMBRES,POBLACION_OCUPADA_MUJERES,FUERA_DE_LA_FUERZA_LABORAL,FUERA_DE_LA_FUERZA_LABORAL_HOMBRES,FUERA_DE_LA_FUERZA_LABORAL_MUJERES,NORMALIZACION_BASE_100_DESOCUPADOS,MEDIOS_DE_VIDA,MV_AGRICULTURA_GANADERIA_PESCA_HOMBRES,MV_AGRICULTURA_GANADERIA_PESCA_MUJERES,MV_MINAS_CANTERAS_HOMBRES,MV_MINAS_CANTERAS_MUJERES,MV_INDUSTRIAS_MANUFACTURERAS_HOMBRES,MV_INDUSTRIAS_MANUFACTURERAS_MUJERES,MV_SUMINISTRO_ELECTRICIDAD_GAS_HOMBRES,MV_SUMINISTRO_ELECTRICIDAD_GAS_MUJERES,MV_SUMINISTRO_AGUA_HOMBRES,MV_SUMINISTRO_AGUA_MUJERES,MV_CONSTRUCCION_HOMBRES,MV_CONSTRUCCION_MUJERES,MV_COMERCIO_REPARACION_VEHICULOS_HOMBRES,MV_COMERCIO_REPARACION_VEHICULOS_MUJERES,MV_TRANSPORTE_ALMACENAMIENTO_HOMBRES,MV_TRANSPORTE_ALMACENAMIENTO_MUJERES,MV_ALOJAMIENTO_SERVICIO_COMIDA_HOMBRES,MV_ALOJAMIENTO_SERVICIO_COMIDA_MUJERES,MV_INFORMACION_COMUNICACION_HOMBRES,MV_INFORMACION_COMUNICACION_MUJERES,MV_FINANCIERAS_SEGUROS_HOMBRES,MV_FINANCIERAS_SEGUROS_MUJERES,MV_ACTIVIDADES_INMOBILIARIAS_HOMBRES,MV_ACTIVIDADES_INMOBILIARIAS_MUJERES,MV_PROFESIONALES_CIENTIFICAS_TECNICAS_HOMBRES,MV_PROFESIONALES_CIENTIFICAS_TECNICAS_MUJERES,MV_ADMINISTRATIVAS_SERVICIO_APOYO_HOMBRES,MV_ADMINISTRATIVAS_SERVICIO_APOYO_MUJERES,MV_ADMINISTRACION_PUBLICA_HOMBRES,MV_ADMINISTRACION_PUBLICA_MUJERES,MV_ENSENANZA_HOMBRES,MV_ENSENANZA_MUJERES,MV_SALUD_HUMANA_HOMBRES,MV_SALUD_HUMANA_MUJERES,MV_ARTISTICAS_RECREATIVAS_HOMBRES,MV_ARTISTICAS_RECREATIVAS_MUJERES,MV_OTRAS_ACTIVIDADES_SERVICIO_HOMBRES,MV_OTRAS_ACTIVIDADES_SERVICIO_MUJERES,MV_HOGARES_CALIDAD_EMPLEADORES_HOMBRES,MV_HOGARES_CALIDAD_EMPLEADORES_MUJERES,MV_ORGANIZACIONES_EXTRATERRITORIALES_HOMBRES,MV_ORGANIZACIONES_EXTRATERRITORIALES_MUJERES,NORMALIZACION_BASE_100_MEDIOS_DE_VIDA,LONGITUD_CAMINOS_PCT,NORMALIZACION_BASE_100_10_CAMINOS,AREA_ASP_PCT,NORMALIZACION_BASE_100_10_ASP,AREA_SOBREUSO_PCT,NORMALIZACION_BASE_100_10_SOBREUSO,SUMA_VULNERABILIDADES,INDICE_VULNERABILIDAD_INTEGRADO,CATEGORIA_VULNERABILIDAD
San Joaquín       ,40801,66,12,15,27,0,0,0,0,0,0,0,0,0,0,0,0,27,12,15,0,0,0,0,0,0,0,0,0,0,0,0,0,0,0,0,27,0.0,26,11,15,1,1,0,0,0,0,0,0,0,0,0,0,0,0,0,0,0,0,1,1,0,0,0,0,27,1.333333333,5,1,4,4,2,2,18,9,9,9,3,6,27,2.834008097,1,0,1,9,7,2,12,4,8,6.666666666,133.3199,0,0,0,0,1,0,0,0,0,0,0,0,0,0,1,0,1,0,0,0,0,0,0,0,2,0,0,0,0,1,0,1,0,0,0,0,2,0,0,0,0,0,71.5409013411403,42.252678208834155,0.0,0.0,0.0,0.019087853124418838,0.0,82.3749094371403,13.24655839915331,Medio
San Joaquín       ,40801,827,29,27,56,0,0,0,0,0,0,0,0,0,1,0,1,54,29,25,1,0,1,0,0,0,0,0,0,0,0,0,1,1,0,1,56,0.495049504,52,26,26,4,3,1,1,0,1,0,0,0,0,0,0,1,0,1,0,0,0,3,3,0,0,0,0,56,5.333333333,7,4,3,12,5,7,37,20,17,19,9,10,56,6.882591093,0,0,0,27,16,11,22,9,13,0.0,105.8029,0,0,0,0,0,0,0,0,0,0,1,0,1,0,2,1,2,1,1,0,0,0,0,0,0,3,4,4,3,0,1,1,0,0,0,0,1,0,0,1,0,0,44.12121381218057,42.252678208834155,0.0,0.0,0.0,0.019087853124418838,0.0,56.83218774218057,6.707171436623859,Bajo
San Joaquín       ,40801,1326,15,22,37,17,7,10,0,0,0,3,2,1,0,0,0,16,6,10,20,9,11,0,0,0,0,0,0,0,0,0,1,20,9,11,37,9.900990099,32,14,18,5,1,4,2,0,2,2,0,2,0,0,0,3,1,2,0,0,0,1,1,0,0,0,0,37,6.666666666,6,3,3,6,2,4,25,10,15,12,5,7,37,4.048582995,0,0,0,13,7,6,20,6,14,0.0,114.2799,0,0,0,0,0,1,1,0,0,0,1,0,2,2,1,1,0,0,0,0,0,0,0,0,1,0,1,0,0,0,0,0,0,0,0,1,0,0,0,1,0,0,52.56823533280388,42.252678208834155,0.0,0.0,0.0,0.019087853124418838,0.0,73.18447509280388,10.893645219067423,Medio
San Joaquín       ,40801,2136,46,62,108,0,0,0,0,0,0,0,0,0,1,0,1,106,45,61,1,0,1,0,0,0,0,0,0,0,0,0,1,1,0,1,108,0.495049504,103,41,62,5,5,0,2,2,0,1,1,0,0,0,0,1,1,0,1,1,0,0,0,0,2,2,0,108,6.666666666,15,8,7,15,4,11,78,34,44,30,12,18,108,11.336032388,3,3,0,47,21,26,49,17,32,20.0,99.2773,0,0,0,0,3,3,0,1,1,0,1,0,2,5,2,1,0,0,1,4,1,1,0,0,0,1,0,1,2,3,5,5,0,1,3,0,0,0,0,0,0,0,37.618691264701575,42.252678208834155,0.0,0.0,0.0,0.019087853124418838,0.0,76.11643982270158,11.644279867882963,Medio
San Joaquín       ,40801,3233,92,94,186,2,1,1,0,0,0,27,11,16,33,14,19,128,67,61,54,24,30,4,1,3,0,0,0,0,0,0,0,58,25,33,186,28.712871287,158,78,80,28,14,14,18,10,8,3,1,2,0,0,0,6,2,4,6,3,3,1,1,0,1,0,1,186,37.333333333,44,22,22,12,6,6,130,64,66,56,28,28,186,21.862348178,2,2,0,75,47,28,77,27,50,13.333333333,101.32,2,0,0,0,15,5,0,0,0,0,2,0,6,2,3,2,3,3,0,0,2,0,0,0,1,0,8,2,1,3,1,9,0,1,3,0,0,0,0,1,0,0,39.65416736003922,42.252678208834155,0.0,0.0,0.0,0.019087853124418838,0.0,140.89605349103923,28.229002753698744,Alto-medio
San Joaquín       ,40801,4074,14,20,34,0,0,0,0,0,0,0,0,0,0,0,0,34,14,20,0,0,0,0,0,0,0,0,0,0,0,0,0,0,0,0,34,0.0,33,14,19,1,0,1,0,0,0,0,0,0,0,0,0,0,0,0,1,0,1,0,0,0,0,0,0,34,1.333333333,9,5,4,0,0,0,25,9,16,9,5,4,34,2.834008097,0,0,0,19,9,10,10,0,10,0.0,114.2801,1,0,0,0,3,3,0,2,0,0,0,0,0,1,1,0,2,1,0,0,0,0,0,0,0,2,1,1,0,0,1,0,0,0,0,0,0,0,0,0,0,0,52.56843462551405,42.252678208834155,0.0,0.0,0.0,0.019087853124418838,0.0,56.73577605551405,6.682488345512745,Bajo
San Joaquín       ,40801,5668,18,23,41,0,0,0,0,0,0,0,0,0,0,0,0,40,18,22,0,0,0,0,0,0,0,0,0,0,0,0,1,0,0,0,41,0.0,38,18,20,3,0,3,0,0,0,0,0,0,0,0,0,3,0,3,0,0,0,0,0,0,0,0,0,41,4.0,8,5,3,2,0,2,31,13,18,10,5,5,41,3.238866396,0,0,0,23,13,10,12,2,10,0.0,108.8819,0,0,0,0,2,1,0,0,0,0,0,0,2,2,5,0,0,0,1,0,1,2,0,0,0,1,1,0,0,0,0,3,0,0,1,0,0,0,0,1,0,0,47.189325085272365,42.252678208834155,0.0,0.0,0.0,0.019087853124418838,0.0,54.428191481272364,6.091706021689052,Bajo
San Joaquín       ,40801,5709,30,32,62,0,0,0,4,3,1,0,0,0,0,0,0,58,27,31,4,3,1,0,0,0,0,0,0,0,0,0,0,4,3,1,62,1.980198019,56,28,28,6,2,4,3,0,3,1,1,0,0,0,0,2,1,1,0,0,0,0,0,0,0,0,0,62,8.0,13,9,4,4,1,3,45,20,25,17,10,7,62,6.072874493,1,0,1,35,20,15,15,2,13,6.666666666,110.4629,1,0,0,0,5,3,0,0,0,0,0,0,3,5,3,0,0,0,1,1,2,1,1,1,0,0,0,1,0,1,4,1,0,0,0,1,0,0,0,0,0,0,48.764733959178876,42.252678208834155,0.0,0.0,0.0,0.019087853124418838,0.0,71.48447313717888,10.458414754684984,Bajo-medio
San Joaquín       ,40801,6383,145,114,259,4,1,3,6,2,4,21,12,9,3,2,1,227,128,99,30,17,13,2,0,2,0,0,0,0,0,0,0,32,17,15,259,15.841584158,216,119,97,43,26,17,32,19,13,6,4,2,2,2,0,8,7,1,6,3,3,7,5,2,2,2,0,259,57.333333333,49,28,21,13,8,5,197,109,88,62,36,26,259,24.291497975,3,3,0,132,78,54,91,45,46,20.0,85.2641,0,0,0,0,24,6,3,0,2,1,3,2,11,5,13,0,4,2,3,0,2,0,0,0,0,1,3,3,3,0,2,13,0,8,3,1,0,2,2,10,0,0,23.655048233818178,42.252678208834155,0.0,0.0,0.0,0.019087853124418838,0.0,141.12146369981818,28.28671174016126,Alto-medio
San Joaquín       ,40801,6611,97,105,202,45,22,23,0,0,0,22,13,9,8,5,3,149,70,79,31,14,17,22,13,9,0,0,0,0,0,0,0,53,27,26,202,26.237623762,191,86,105,11,11,0,3,3,0,0,0,0,0,0,0,2,2,0,2,2,0,4,4,0,2,2,0,202,14.666666666,53,30,23,3,2,1,146,65,81,56,32,24,202,21.862348178,0,0,0,88,51,37,71,23,48,0.0,125.0872,0,0,0,0,16,10,0,0,2,0,19,0,8,7,0,3,1,1,0,1,0,1,0,0,0,0,3,3,1,0,0,0,0,1,0,0,1,0,0,10,0,0,63.33731586599159,42.252678208834155,0.0,0.0,0.0,0.019087853124418838,0.0,126.10395447199159,24.44196468356652,Alto-medio
San Joaquín       ,40801,6774,37,42,79,0,0,0,0,0,0,10,6,4,0,0,0,68,31,37,10,6,4,0,0,0,0,0,0,0,0,0,1,10,6,4,79,4.950495049,70,32,38,9,5,4,6,4,2,2,0,2,0,0,0,0,0,0,0,0,0,1,1,0,0,0,0,79,12.0,26,13,13,1,1,0,52,23,29,27,14,13,79,10.121457489,2,2,0,34,17,17,22,6,16,13.333333333,96.633,1,0,0,0,3,5,0,0,0,0,2,0,1,1,1,0,0,0,0,0,1,1,3,1,0,3,1,1,0,0,0,3,4,1,0,0,0,0,0,1,0,0,34.98374269716775,42.252678208834155,0.0,0.0,0.0,0.019087853124418838,0.0,75.38902856816776,11.458049765582068,Medio
San Joaquín       ,40801,6826,12,13,25,0,0,0,0,0,0,0,0,0,0,0,0,25,12,13,0,0,0,0,0,0,0,0,0,0,0,0,0,0,0,0,25,0.0,24,12,12,1,0,1,0,0,0,0,0,0,0,0,0,1,0,1,0,0,0,0,0,0,0,0,0,25,1.333333333,4,3,1,1,0,1,20,9,11,5,3,2,25,1.214574898,0,0,0,14,6,8,7,3,4,0.0,114.2802,0,0,0,0,2,2,0,0,0,0,0,1,2,0,1,0,0,0,0,1,0,1,0,0,0,0,0,0,0,1,1,1,0,1,0,0,0,0,0,0,0,0,52.56853427186913,42.252678208834155,0.0,0.0,0.0,0.019087853124418838,0.0,55.116442502869134,6.267910414131131,Bajo
San Joaquín       ,40801,7126,39,44,83,0,0,0,0,0,0,8,4,4,0,0,0,75,35,40,8,4,4,0,0,0,0,0,0,0,0,0,0,8,4,4,83,3.960396039,74,35,39,9,4,5,7,4,3,0,0,0,0,0,0,0,0,0,0,0,0,2,0,2,0,0,0,83,12.0,15,5,10,0,0,0,68,34,34,15,5,10,83,5.263157894,0,0,0,38,24,14,33,11,22,0.0,113.2738,0,0,0,0,6,1,3,0,0,0,0,0,3,2,2,0,0,0,2,0,0,0,0,0,4,0,0,1,0,1,0,6,4,3,0,0,0,0,0,0,0,0,51.56569335428564,42.252678208834155,0.0,0.0,0.0,0.019087853124418838,0.0,72.78924728728563,10.792459934683842,Medio
San Joaquín       ,40801,7197,42,42,84,0,0,0,0,0,0,8,4,4,0,0,0,76,38,38,8,4,4,0,0,0,0,0,0,0,0,0,0,8,4,4,84,3.960396039,70,37,33,14,5,9,8,3,5,3,0,3,0,0,0,5,1,4,3,0,3,0,0,0,1,1,0,84,18.666666666,12,8,4,5,2,3,67,32,35,17,10,7,84,6.072874493,0,0,0,53,30,23,22,5,17,0.0,101.1586,0,0,0,0,5,1,0,0,0,0,0,0,8,1,3,1,2,3,0,0,3,1,0,0,4,2,2,0,0,0,1,8,2,2,0,2,0,2,0,0,0,0,39.49333814293074,42.252678208834155,0.0,0.0,0.0,0.019087853124418838,0.0,68.19327534093074,9.615810109145675,Bajo-medio
San Joaquín       ,40801,8065,52,43,95,0,0,0,0,0,0,6,4,2,0,0,0,89,48,41,6,4,2,0,0,0,0,0,0,0,0,0,0,6,4,2,95,2.970297029,86,49,37,9,3,6,8,2,6,0,0,0,0,0,0,1,0,1,1,1,0,0,0,0,0,0,0,95,12.0,16,13,3,7,2,5,72,37,35,23,15,8,95,8.502024291,0,0,0,46,32,14,35,8,27,0.0,102.0611,0,0,0,0,6,0,0,0,0,0,0,0,8,4,5,0,0,4,3,0,1,0,0,0,4,0,3,0,1,1,1,3,0,0,0,0,0,1,0,1,0,0,40.39264649758009,42.252678208834155,0.0,0.0,0.0,0.019087853124418838,0.0,63.86496781758009,8.507687093672246,Bajo-medio
San Joaquín       ,40801,9368,54,61,115,8,4,4,6,3,3,0,0,0,2,0,2,106,50,56,2,1,1,7,3,4,0,0,0,0,0,0,0,9,4,5,115,4.455445544,106,51,55,9,3,6,4,1,3,2,0,2,0,0,0,2,0,2,1,1,0,1,1,0,0,0,0,115,12.0,21,11,10,16,9,7,78,34,44,37,20,17,115,14.170040485,0,0,0,52,30,22,44,14,30,0.0,93.0306,3,1,0,0,5,4,1,0,0,0,3,1,4,3,1,0,0,0,0,0,1,0,0,0,4,1,0,2,3,2,2,3,1,1,1,0,1,4,0,0,0,0,31.394082401556872,42.252678208834155,0.0,0.0,0.0,0.019087853124418838,0.0,62.01956843055687,8.035232324118821,Bajo-medio
San Joaquín       ,40801,9794,37,40,77,0,0,0,0,0,0,4,2,2,0,0,0,73,35,38,4,2,2,0,0,0,0,0,0,0,0,0,0,4,2,2,77,1.980198019,70,33,37,7,4,3,6,3,3,0,0,0,0,0,0,1,1,0,0,0,0,0,0,0,0,0,0,77,9.333333333,14,9,5,14,5,9,49,23,26,28,14,14,77,10.526315789,2,1,1,29,18,11,34,11,23,13.333333333,119.5271,0,0,0,0,3,3,0,0,0,0,0,0,8,1,2,0,0,0,0,0,0,0,0,0,0,1,2,0,2,2,0,2,1,1,0,0,0,1,0,0,0,0,57.796878876866,42.252678208834155,0.0,0.0,0.0,0.019087853124418838,0.0,92.970059350866,15.95910352411291,Medio
San Joaquín       ,40801,10097,6,6,12,0,0,0,0,0,0,0,0,0,0,0,0,12,6,6,0,0,0,0,0,0,0,0,0,0,0,0,0,0,0,0,12,0.0,11,5,6,1,1,0,1,1,0,0,0,0,0,0,0,0,0,0,0,0,0,0,0,0,0,0,0,12,1.333333333,2,2,0,3,1,2,7,3,4,5,3,2,12,1.214574898,0,0,0,7,3,4,3,1,2,0.0,161.8799,0,0,0,0,1,0,0,0,0,0,0,0,1,1,0,0,0,0,0,0,0,0,0,0,0,0,0,0,0,0,1,1,0,2,0,0,0,0,0,0,0,0,99.99990035364492,42.252678208834155,0.0,0.0,0.0,0.019087853124418838,0.0,102.54780858464491,18.411176142596222,Alto-medio
San Joaquín       ,40801,10702,112,98,210,4,4,0,0,0,0,10,6,4,0,0,0,195,102,93,14,10,4,0,0,0,0,0,0,0,0,0,1,14,10,4,210,6.930693069,197,105,92,13,7,6,8,5,3,3,1,2,0,0,0,6,3,3,1,0,1,0,0,0,1,1,0,210,17.333333333,58,38,20,19,8,11,133,66,67,77,46,31,210,30.364372469,5,5,0,90,47,43,65,25,40,33.333333333,78.7248,0,0,0,0,5,4,3,2,0,0,4,1,9,6,1,1,2,1,6,3,2,5,0,0,6,3,2,2,1,3,0,2,3,6,0,0,3,3,0,1,0,0,17.138874135692426,42.252678208834155,0.0,0.0,0.0,0.019087853124418838,0.0,105.10060633969243,19.06473736276276,Alto-medio
San Joaquín       ,40801,10897,20,12,32,0,0,0,2,1,1,0,0,0,0,0,0,30,19,11,2,1,1,0,0,0,0,0,0,0,0,0,0,2,1,1,32,0.990099009,28,18,10,4,2,2,0,0,0,2,2,0,0,0,0,2,0,2,0,0,0,0,0,0,2,2,0,32,5.333333333,0,0,0,17,11,6,15,9,6,17,11,6,32,6.072874493,0,0,0,10,9,1,22,11,11,0.0,152.36,0,0,0,0,1,1,0,0,0,0,0,0,4,0,0,0,0,0,0,0,0,0,0,0,1,0,0,0,0,0,0,0,0,0,1,0,2,0,0,0,0,0,90.5136669958318,42.252678208834155,0.0,0.0,0.0,0.019087853124418838,0.0,102.9099738308318,18.503896829039874,Alto-medio
San Joaquín       ,40801,11617,15,17,32,0,0,0,0,0,0,0,0,0,0,0,0,32,15,17,0,0,0,0,0,0,0,0,0,0,0,0,0,0,0,0,32,0.0,32,15,17,0,0,0,0,0,0,0,0,0,0,0,0,0,0,0,0,0,0,0,0,0,0,0,0,32,0.0,3,2,1,11,3,8,18,10,8,14,5,9,32,4.858299595,0,0,0,11,7,4,19,7,12,0.0,123.7999,1,0,0,0,1,2,0,0,0,0,1,0,0,0,0,0,0,0,0,0,0,0,0,0,1,0,1,0,1,1,1,0,0,1,0,0,0,0,0,0,0,0,62.05456833697209,42.252678208834155,0.0,0.0,0.0,0.019087853124418838,0.0,66.91286793197209,9.288003244361859,Bajo-medio
San Joaquín       ,40801,12674,9,12,21,0,0,0,0,0,0,0,0,0,0,0,0,20,9,11,0,0,0,0,0,0,0,0,0,0,0,0,1,0,0,0,21,0.0,20,8,12,1,1,0,0,0,0,0,0,0,0,0,0,1,1,0,0,0,0,0,0,0,0,0,0,21,1.333333333,3,0,3,7,3,4,11,6,5,10,3,7,21,3.238866396,0,0,0,9,7,2,10,2,8,0.0,133.3199,1,0,0,0,2,0,0,0,0,0,0,0,1,0,1,0,0,0,0,0,0,0,0,0,0,0,1,0,1,1,0,0,0,1,0,0,0,0,0,0,0,0,71.5409013411403,42.252678208834155,0.0,0.0,0.0,0.019087853124418838,0.0,76.1131010701403,11.64342508837939,Medio
San Joaquín       ,40801,12693,25,24,49,0,0,0,0,0,0,0,0,0,0,0,0,49,25,24,0,0,0,0,0,0,0,0,0,0,0,0,0,0,0,0,49,0.0,45,23,22,4,2,2,2,2,0,0,0,0,0,0,0,1,0,1,0,0,0,0,0,0,1,0,1,49,5.333333333,7,6,1,7,4,3,35,15,20,14,10,4,49,4.858299595,1,1,0,29,13,16,13,5,8,6.666666666,117.8772,0,0,0,0,3,1,0,0,0,0,0,0,0,6,1,0,1,4,0,1,0,0,2,2,4,1,0,0,0,0,0,1,1,0,0,0,0,0,0,0,1,0,56.15281366430538,42.252678208834155,0.0,0.0,0.0,0.019087853124418838,0.0,73.01111325830539,10.849261533810289,Medio
San Joaquín       ,40801,13193,29,33,62,0,0,0,0,0,0,0,0,0,0,0,0,61,29,32,0,0,0,0,0,0,0,0,0,0,0,0,1,0,0,0,62,0.0,56,27,29,6,2,4,1,1,0,2,1,1,1,0,1,4,0,4,1,0,1,1,0,1,1,0,1,62,8.0,18,9,9,6,4,2,38,16,22,24,13,11,62,8.906882591,0,0,0,30,18,12,15,3,12,0.0,116.1735,1,0,0,0,0,1,0,0,0,0,0,0,8,5,0,2,0,0,1,0,0,0,0,0,3,1,2,0,0,0,0,0,2,1,0,0,1,1,0,1,0,0,54.455138712708596,42.252678208834155,0.0,0.0,0.0,0.019087853124418838,0.0,71.36202130370859,10.427064927016014,Bajo-medio
San Joaquín       ,40801,13267,29,25,54,0,0,0,0,0,0,0,0,0,0,0,0,54,29,25,0,0,0,0,0,0,0,0,0,0,0,0,0,0,0,0,54,0.0,46,25,21,8,4,4,6,4,2,1,0,1,0,0,0,0,0,0,0,0,0,3,1,2,0,0,0,54,10.666666666,14,8,6,1,1,0,39,20,19,15,9,6,54,5.263157894,2,2,0,28,18,10,14,3,11,13.333333333,130.9315,0,0,0,0,7,1,0,0,0,0,0,0,5,2,4,0,2,1,0,0,0,0,0,0,0,0,0,0,0,1,0,3,0,1,0,0,0,0,0,1,0,0,69.16094779627103,42.252678208834155,0.0,0.0,0.0,0.019087853124418838,0.0,98.42410568927103,17.355435518186795,Medio
San Joaquín       ,40801,14925,104,120,224,5,3,2,0,0,0,4,3,1,8,3,5,196,95,101,17,9,8,0,0,0,0,0,0,0,0,0,11,17,9,8,224,8.415841584,205,99,106,19,5,14,2,0,2,2,2,0,0,0,0,6,2,4,3,2,1,0,0,0,8,0,8,224,25.333333333,52,16,36,16,7,9,156,81,75,68,23,45,224,26.720647773,7,7,0,105,60,45,77,24,53,46.666666666,74.2839,0,1,0,0,13,6,2,0,0,0,6,0,10,6,6,1,0,0,5,2,3,2,0,0,1,2,5,2,5,1,2,8,1,3,1,3,0,2,0,6,0,0,12.713679152687114,42.252678208834155,0.0,0.0,0.0,0.019087853124418838,0.0,119.85016850868712,22.840885249539223,Alto-medio
San Joaquín       ,40801,16926,28,38,66,4,3,1,0,0,0,0,0,0,0,0,0,62,25,37,4,3,1,0,0,0,0,0,0,0,0,0,0,4,3,1,66,1.980198019,57,24,33,9,4,5,3,1,2,6,4,2,1,1,0,6,1,5,1,1,0,1,1,0,0,0,0,66,12.0,11,5,6,12,4,8,43,19,24,23,9,14,66,8.502024291,5,5,0,26,10,16,27,8,19,33.333333333,110.2429,0,0,0,0,3,3,0,0,0,0,0,0,1,1,1,1,0,0,0,0,0,1,0,0,0,0,0,1,2,0,2,2,0,0,0,1,1,2,0,4,0,0,48.54551197799011,42.252678208834155,0.0,0.0,0.0,0.019087853124418838,0.0,104.3610676209901,18.875402415879552,Alto-medio
San Joaquín       ,40801,17198,22,29,51,0,0,0,0,0,0,0,0,0,0,0,0,50,22,28,0,0,0,0,0,0,0,0,0,0,0,0,1,0,0,0,51,0.0,51,22,29,0,0,0,0,0,0,0,0,0,0,0,0,0,0,0,0,0,0,0,0,0,0,0,0,51,0.0,10,6,4,9,3,6,32,13,19,19,9,10,51,6.882591093,0,0,0,20,10,10,22,7,15,0.0,95.24,1,0,0,0,2,2,1,0,0,0,0,0,1,1,1,0,0,0,0,0,0,1,0,0,0,0,2,1,1,0,1,2,0,2,0,0,0,1,0,0,0,0,33.59566897082255,42.252678208834155,0.0,0.0,0.0,0.019087853124418838,0.0,40.47826006382255,2.5202777013682667,Bajo
San Joaquín       ,40801,17229,76,79,155,0,0,0,0,0,0,6,2,4,0,0,0,147,74,73,6,2,4,0,0,0,0,0,0,0,0,0,2,6,2,4,155,2.970297029,140,69,71,15,7,8,6,2,4,6,2,4,0,0,0,6,2,4,2,2,0,1,0,1,1,1,0,155,20.0,20,13,7,17,7,10,118,56,62,37,20,17,155,14.170040485,0,0,0,73,39,34,64,24,40,0.0,89.4843,4,1,0,0,4,4,0,1,0,0,2,0,5,3,2,1,2,0,0,0,1,1,0,0,1,0,9,7,2,3,5,6,0,1,1,2,0,1,1,3,0,0,27.86032371114913,42.252678208834155,0.0,0.0,0.0,0.019087853124418838,0.0,65.00066122514913,8.798444623413218,Bajo-medio
San Joaquín       ,40801,17230,70,75,145,0,0,0,0,0,0,6,4,2,10,5,5,135,65,70,4,1,3,6,4,2,0,0,0,0,0,0,0,10,5,5,145,4.950495049,132,61,71,13,9,4,5,3,2,4,3,1,2,1,1,5,4,1,1,1,0,0,0,0,1,1,0,145,17.333333333,24,13,11,23,10,13,98,47,51,47,23,24,145,18.218623481,2,2,0,74,40,34,54,23,31,13.333333333,73.7394,1,0,0,0,10,7,1,0,1,0,4,0,3,1,4,1,1,1,0,1,2,0,0,0,1,4,2,0,4,4,2,5,1,3,2,1,1,1,0,5,0,0,12.171104749244929,42.252678208834155,0.0,0.0,0.0,0.019087853124418838,0.0,66.00688994524494,9.056056911253933,Bajo-medio
San Joaquín       ,40801,17975,27,33,60,1,1,0,0,0,0,0,0,0,4,1,3,55,25,30,5,2,3,0,0,0,0,0,0,0,0,0,0,5,2,3,60,2.475247524,56,26,30,4,1,3,0,0,0,1,0,1,0,0,0,1,0,1,1,1,0,0,0,0,1,0,1,60,5.333333333,7,2,5,11,4,7,42,21,21,18,6,12,60,6.477732793,0,0,0,23,14,9,32,12,20,0.0,100.1863,0,0,0,0,3,2,0,0,0,0,1,1,2,0,1,0,0,0,3,2,0,0,1,0,0,1,0,1,1,2,1,0,0,0,1,0,0,0,0,0,0,0,38.5244766324315,42.252678208834155,0.0,0.0,0.0,0.019087853124418838,0.0,52.8107902824315,5.677622806940383,Bajo
San Joaquín       ,40801,18658,36,47,83,0,0,0,0,0,0,16,9,7,3,2,1,63,24,39,19,11,8,0,0,0,0,0,0,0,0,0,1,19,11,8,83,9.405940594,76,31,45,7,5,2,1,1,0,2,2,0,0,0,0,3,3,0,0,0,0,0,0,0,3,1,2,83,9.333333333,15,9,6,7,4,3,61,23,38,22,13,9,83,8.097165991,3,3,0,40,17,23,28,8,20,20.0,103.8,0,0,0,0,1,4,1,0,0,0,0,0,8,2,1,0,0,2,0,0,0,4,0,0,2,1,2,2,1,4,0,3,1,0,0,0,0,1,0,0,0,0,42.125396966167074,42.252678208834155,0.0,0.0,0.0,0.019087853124418838,0.0,88.96183688416707,14.932927924868888,Medio
San Joaquín       ,40801,19532,179,187,366,0,0,0,0,0,0,9,4,5,0,0,0,356,175,181,9,4,5,0,0,0,0,0,0,0,0,0,1,9,4,5,366,4.455445544,342,170,172,24,9,15,17,6,11,4,3,1,1,0,1,1,0,1,3,1,2,0,0,0,0,0,0,366,32.0,109,59,50,20,10,10,237,110,127,129,69,60,366,51.417004048,3,1,2,162,97,65,108,35,73,20.0,93.8136,2,0,0,0,23,5,1,2,1,0,1,0,16,7,6,1,1,0,7,2,9,12,1,1,14,11,3,0,0,3,4,7,4,9,2,1,2,2,0,1,0,1,32.17431336187869,42.252678208834155,0.0,0.0,0.0,0.019087853124418838,0.0,140.0467629538787,28.011569406836458,Alto-medio
San Joaquín       ,40801,20369,39,38,77,9,3,6,2,1,1,10,6,4,0,0,0,56,29,27,21,10,11,0,0,0,0,0,0,0,0,0,0,21,10,11,77,10.396039603,59,33,26,18,6,12,6,1,5,2,0,2,3,2,1,10,4,6,4,2,2,3,2,1,3,1,2,77,24.0,10,7,3,11,4,7,56,28,28,21,11,10,77,7.692307692,0,0,0,34,22,12,37,14,23,0.0,121.5553,0,0,0,0,4,3,0,0,0,0,2,0,9,3,0,0,0,0,0,1,0,2,0,0,0,0,3,1,2,1,1,1,0,0,0,0,1,0,0,0,0,0,59.817906250716206,42.252678208834155,0.0,0.0,0.0,0.019087853124418838,0.0,101.9062535457162,18.246926744767038,Medio
San Joaquín       ,40801,20401,78,86,164,7,4,3,0,0,0,0,0,0,10,3,7,147,71,76,17,7,10,0,0,0,0,0,0,0,0,0,0,17,7,10,164,8.415841584,150,73,77,14,5,9,8,3,5,2,0,2,1,1,0,4,1,3,3,1,2,0,0,0,2,0,2,164,18.666666666,33,16,17,7,3,4,124,59,65,40,19,21,164,15.384615384,4,2,2,70,43,27,62,19,43,26.666666666,87.6057,2,1,0,0,13,4,0,0,1,0,3,1,8,6,3,0,0,1,0,1,3,0,0,0,0,0,4,0,3,3,1,4,1,3,1,0,0,0,0,3,0,0,25.988367284507284,42.252678208834155,0.0,0.0,0.0,0.019087853124418838,0.0,95.12215758450728,16.510078604185665,Medio
San Joaquín       ,40801,21279,18,19,37,0,0,0,0,0,0,0,0,0,0,0,0,37,18,19,0,0,0,0,0,0,0,0,0,0,0,0,0,0,0,0,37,0.0,26,13,13,11,5,6,11,5,6,0,0,0,0,0,0,1,0,1,1,1,0,0,0,0,0,0,0,37,14.666666666,10,5,5,1,1,0,26,12,14,11,6,5,37,3.643724696,0,0,0,20,10,10,9,4,5,0.0,114.28,0,0,0,0,2,2,0,0,1,0,0,0,4,2,1,0,0,0,0,0,1,1,0,0,0,1,0,1,0,0,0,2,1,1,0,0,0,0,0,0,0,0,52.56833497915896,42.252678208834155,0.0,0.0,0.0,0.019087853124418838,0.0,70.87872634115897,10.30333289818618,Bajo-medio
San Joaquín       ,40801,21672,65,73,138,2,1,1,0,0,0,14,6,8,6,3,3,116,55,61,22,10,12,0,0,0,0,0,0,0,0,0,0,22,10,12,138,10.891089108,119,56,63,19,9,10,11,6,5,3,2,1,1,1,0,4,1,3,2,1,1,2,2,0,2,2,0,138,25.333333333,24,12,12,10,3,7,104,50,54,34,15,19,138,12.955465587,4,3,1,65,37,28,54,18,36,26.666666666,93.6092,0,0,0,0,7,5,0,0,1,2,2,0,9,6,3,0,1,0,0,0,2,2,0,0,0,0,5,1,2,0,3,3,1,5,0,0,1,2,0,2,0,0,31.970636212083317,42.252678208834155,0.0,0.0,0.0,0.019087853124418838,0.0,107.81719090608333,19.760230893492132,Alto-medio
San Joaquín       ,40801,22577,162,178,340,21,12,9,3,1,2,11,5,6,8,2,6,297,142,155,43,20,23,0,0,0,0,0,0,0,0,0,0,43,20,23,340,21.287128712,282,138,144,58,24,34,41,16,25,11,4,7,3,1,2,14,6,8,4,1,3,3,1,2,6,4,2,340,77.333333333,62,29,33,45,19,26,233,114,119,107,48,59,340,42.510121457,6,2,4,157,97,60,136,42,94,40.0,76.0636,3,1,0,0,25,7,2,0,1,0,2,1,16,14,7,2,3,0,6,3,3,6,1,1,2,1,9,2,2,1,4,7,4,4,3,1,2,2,1,7,1,0,14.487085334149103,42.252678208834155,0.0,0.0,0.0,0.019087853124418838,0.0,195.61766883614908,42.23870078940086,Alto
San Joaquín       ,40801,22709,11,12,23,4,2,2,0,0,0,0,0,0,0,0,0,19,9,10,4,2,2,0,0,0,0,0,0,0,0,0,0,4,2,2,23,1.980198019,23,11,12,0,0,0,0,0,0,0,0,0,0,0,0,0,0,0,0,0,0,0,0,0,0,0,0,23,0.0,5,3,2,0,0,0,18,8,10,5,3,2,23,1.214574898,0,0,0,17,8,9,3,2,1,0.0,133.32,0,0,0,0,0,4,0,0,0,0,0,0,0,2,4,0,1,0,0,0,0,0,0,0,0,0,1,1,2,0,0,2,0,0,0,0,0,0,0,0,0,0,71.54100098749538,42.252678208834155,0.0,0.0,0.0,0.019087853124418838,0.0,74.73577390449537,11.290805057604308,Medio
San Joaquín       ,40801,22898,27,27,54,0,0,0,0,0,0,0,0,0,0,0,0,54,27,27,0,0,0,0,0,0,0,0,0,0,0,0,0,0,0,0,54,0.0,50,26,24,4,1,3,2,1,1,0,0,0,0,0,0,2,0,2,1,0,1,0,0,0,1,0,1,54,5.333333333,11,5,6,3,1,2,40,21,19,14,6,8,54,4.858299595,0,0,0,28,18,10,18,6,12,0.0,111.8916,0,0,0,0,1,0,0,0,0,0,1,0,3,3,0,0,4,1,0,1,1,1,0,0,0,0,3,0,4,0,1,1,0,3,0,0,0,0,0,0,0,0,50.1883814342897,42.252678208834155,0.0,0.0,0.0,0.019087853124418838,0.0,60.3800143622897,7.615477584336953,Bajo-medio
San Joaquín       ,40801,23271,51,56,107,0,0,0,0,0,0,16,7,9,0,0,0,91,44,47,16,7,9,0,0,0,0,0,0,0,0,0,0,16,7,9,107,7.920792079,104,49,55,3,2,1,2,1,1,0,0,0,0,0,0,1,1,0,0,0,0,0,0,0,0,0,0,107,4.0,18,8,10,1,1,0,88,42,46,19,9,10,107,6.882591093,2,1,1,57,30,27,37,15,22,13.333333333,111.2609,0,0,0,0,10,6,1,0,0,0,2,0,3,5,5,1,0,0,1,0,1,0,0,0,2,0,2,2,2,2,1,9,0,1,0,0,0,1,0,0,0,0,49.559911872763564,42.252678208834155,0.0,0.0,0.0,0.019087853124418838,0.0,81.69662837776357,13.072906492767231,Medio
San Joaquín       ,40801,23500,122,114,236,17,7,10,0,0,0,53,26,27,0,0,0,166,89,77,70,33,37,0,0,0,0,0,0,0,0,0,0,70,33,37,236,34.653465346,179,94,85,57,28,29,37,16,21,10,7,3,3,3,0,9,5,4,2,1,1,3,1,2,1,0,1,236,76.0,49,23,26,8,5,3,179,94,85,57,28,29,236,22.267206477,8,7,1,118,74,44,71,24,47,53.333333333,86.5117,3,2,0,0,16,10,0,0,0,0,10,1,11,5,5,3,6,5,3,0,7,0,0,0,0,0,2,0,4,5,2,3,2,6,2,0,0,3,0,1,1,0,24.898236159868627,42.252678208834155,0.0,0.0,0.0,0.019087853124418838,0.0,211.15224131586862,46.21582515208741,Alto
San Joaquín       ,40801,24522,97,86,183,5,1,4,0,0,0,4,3,1,6,4,2,168,89,79,15,8,7,0,0,0,0,0,0,0,0,0,0,15,8,7,183,7.425742574,174,92,82,9,5,4,1,1,0,2,2,0,0,0,0,4,1,3,1,1,0,0,0,0,1,0,1,183,12.0,49,26,23,5,2,3,129,69,60,54,28,26,183,21.052631578,5,2,3,79,47,32,60,29,31,33.333333333,104.2588,0,0,0,0,13,2,1,0,1,0,3,0,9,9,6,0,1,0,5,0,1,1,0,0,0,1,1,0,1,2,4,12,0,3,0,2,1,0,0,0,0,0,42.58257444330072,42.252678208834155,0.0,0.0,0.0,0.019087853124418838,0.0,116.39428192830073,21.956117372503677,Alto-medio
San Joaquín       ,40801,24749,48,41,89,0,0,0,0,0,0,5,3,2,0,0,0,83,45,38,5,3,2,0,0,0,0,0,0,0,0,0,1,5,3,2,89,2.475247524,79,42,37,10,6,4,3,2,1,2,1,1,0,0,0,8,4,4,1,0,1,2,2,0,0,0,0,89,13.333333333,11,6,5,12,4,8,66,38,28,23,10,13,89,8.502024291,0,0,0,46,27,19,33,15,18,0.0,97.7133,0,0,0,0,4,2,0,0,0,0,4,0,2,3,6,0,0,1,0,0,2,0,0,0,0,0,3,1,3,1,1,7,1,2,1,0,0,1,0,1,0,0,36.06022227115965,42.252678208834155,0.0,0.0,0.0,0.019087853124418838,0.0,60.37082741915965,7.61312556496926,Bajo-medio
San Joaquín       ,40801,24831,33,46,79,1,1,0,1,1,0,7,4,3,0,0,0,71,28,43,7,4,3,1,1,0,0,0,0,0,0,0,0,8,5,3,79,3.960396039,68,28,40,11,5,6,9,4,5,0,0,0,1,1,0,2,1,1,1,0,1,0,0,0,0,0,0,79,14.666666666,22,10,12,12,6,6,45,17,28,34,16,18,79,12.955465587,0,0,0,23,13,10,45,15,30,0.0,127.0976,0,1,0,0,6,1,0,0,0,0,0,0,0,0,0,0,1,0,0,0,1,0,0,0,0,2,0,0,4,3,1,2,0,0,0,1,0,0,0,0,0,0,65.34060618863653,42.252678208834155,0.0,0.0,0.0,0.019087853124418838,0.0,96.92313448063652,16.971160433092265,Medio
San Joaquín       ,40801,25545,6,6,12,0,0,0,0,0,0,0,0,0,0,0,0,12,6,6,0,0,0,0,0,0,0,0,0,0,0,0,0,0,0,0,12,0.0,11,5,6,1,1,0,1,1,0,0,0,0,0,0,0,0,0,0,0,0,0,0,0,0,0,0,0,12,1.333333333,2,1,1,0,0,0,10,5,5,2,1,1,12,0.0,0,0,0,6,5,1,5,1,4,0.0,142.8402,0,0,0,0,0,0,1,0,1,0,0,0,1,0,1,0,0,0,0,0,0,0,0,0,0,0,0,0,1,0,0,0,0,0,0,0,0,0,0,1,0,0,81.02753328437376,42.252678208834155,0.0,0.0,0.0,0.019087853124418838,0.0,82.36086661737376,13.2429631897784,Medio
San Joaquín       ,40801,25963,90,129,219,30,17,13,4,2,2,29,14,15,5,3,2,149,54,95,42,22,20,13,7,6,0,0,0,0,0,0,15,55,29,26,219,27.227722772,205,89,116,14,1,13,11,1,10,2,0,2,6,0,6,1,0,1,0,0,0,2,0,2,5,0,5,219,18.666666666,62,25,37,10,1,9,147,64,83,72,26,46,219,28.340080971,0,0,0,115,57,58,56,15,41,0.0,97.6225,4,0,0,0,3,3,0,0,0,0,26,0,8,3,6,0,1,5,2,1,0,0,0,0,3,2,3,1,0,1,0,3,0,5,0,0,0,1,1,33,0,0,35.96974338074175,42.252678208834155,0.0,0.0,0.0,0.019087853124418838,0.0,110.20421378974176,20.37135082468316,Alto-medio
San Joaquín       ,40801,26446,80,91,171,0,0,0,0,0,0,17,6,11,0,0,0,154,74,80,17,6,11,0,0,0,0,0,0,0,0,0,0,17,6,11,171,8.415841584,162,76,86,9,4,5,3,1,2,0,0,0,0,0,0,4,2,2,4,3,1,1,0,1,0,0,0,171,12.0,33,10,23,9,4,5,129,66,63,42,14,28,171,16.194331983,4,4,0,84,52,32,55,17,38,26.666666666,97.6094,0,0,0,0,17,5,1,0,1,1,5,0,11,6,8,1,2,2,0,1,0,0,0,2,0,1,3,2,2,0,1,1,0,0,0,0,1,4,0,6,0,0,35.956689708225504,42.252678208834155,0.0,0.0,0.0,0.019087853124418838,0.0,99.2335299412255,17.562662393364736,Medio
San Joaquín       ,40801,27026,17,19,36,0,0,0,0,0,0,0,0,0,0,0,0,36,17,19,0,0,0,0,0,0,0,0,0,0,0,0,0,0,0,0,36,0.0,36,17,19,0,0,0,0,0,0,0,0,0,0,0,0,0,0,0,0,0,0,0,0,0,0,0,0,36,0.0,2,1,1,5,3,2,29,13,16,7,4,3,36,2.024291497,0,0,0,20,13,7,14,3,11,0.0,104.76,1,0,0,0,0,0,0,0,0,0,0,0,3,4,0,0,1,0,0,0,2,0,0,0,0,1,2,0,1,0,1,1,1,1,1,0,0,0,0,0,0,0,43.08200197499076,42.252678208834155,0.0,0.0,0.0,0.019087853124418838,0.0,45.10629347199076,3.705135826236688,Bajo
San Joaquín       ,40801,29213,119,130,249,20,11,9,12,7,5,29,10,19,8,5,3,192,92,100,45,21,24,12,6,6,0,0,0,0,0,0,0,57,27,30,249,28.217821782,214,105,109,35,14,21,27,11,16,6,1,5,2,1,1,5,1,4,6,4,2,0,0,0,2,1,1,249,46.666666666,64,36,28,12,5,7,173,78,95,76,41,35,249,29.95951417,5,2,3,117,68,49,74,18,56,33.333333333,61.5251,2,1,0,0,10,7,3,1,1,2,4,1,15,5,7,1,2,4,3,0,1,2,2,1,0,4,7,2,4,3,3,5,2,3,1,0,1,2,0,5,0,0,0.0,42.252678208834155,0.0,0.0,0.0,0.019087853124418838,0.0,138.17733595099998,27.53296314412022,Alto-medio
San Joaquín       ,40801,29865,50,64,114,0,0,0,0,0,0,5,2,3,0,0,0,109,48,61,5,2,3,0,0,0,0,0,0,0,0,0,0,5,2,3,114,2.475247524,110,48,62,4,2,2,4,2,2,0,0,0,0,0,0,0,0,0,0,0,0,0,0,0,0,0,0,114,5.333333333,27,11,16,5,3,2,82,36,46,32,14,18,114,12.145748987,3,0,3,62,33,29,25,8,17,20.0,94.7676,2,0,0,0,6,4,0,0,0,0,1,0,5,5,5,1,0,0,5,0,0,2,1,0,4,5,3,1,1,0,0,4,0,5,0,0,0,0,0,2,0,0,33.12493958939723,42.252678208834155,0.0,0.0,0.0,0.019087853124418838,0.0,73.07926943339723,10.866710715934817,Medio
San Joaquín       ,40801,30214,12,25,37,0,0,0,0,0,0,0,0,0,0,0,0,35,12,23,0,0,0,0,0,0,0,0,0,0,0,0,2,0,0,0,37,0.0,34,11,23,3,1,2,2,0,2,2,0,2,1,1,0,2,0,2,2,0,2,0,0,0,0,0,0,37,4.0,6,4,2,5,1,4,26,7,19,11,5,6,37,3.643724696,0,0,0,16,8,8,15,0,15,0.0,133.32,2,0,0,0,0,0,0,0,0,0,0,0,4,2,0,0,0,0,0,1,2,0,0,0,0,0,0,2,0,0,0,1,0,0,0,0,0,0,0,2,0,0,71.54100098749538,42.252678208834155,0.0,0.0,0.0,0.019087853124418838,0.0,79.18472568349537,12.429815128964702,Medio
San Joaquín       ,40801,30231,95,92,187,4,3,1,0,0,0,9,5,4,3,0,3,171,87,84,16,8,8,0,0,0,0,0,0,0,0,0,0,16,8,8,187,7.920792079,173,85,88,14,10,4,9,6,3,3,2,1,2,2,0,5,4,1,1,1,0,3,2,1,3,3,0,187,18.666666666,24,14,10,17,8,9,146,73,73,41,22,19,187,15.789473684,0,0,0,86,55,31,81,28,53,0.0,91.8946,2,0,0,0,14,7,2,0,1,0,4,0,11,8,4,0,1,0,4,2,3,0,0,0,0,2,3,2,0,2,2,7,0,1,1,0,3,0,0,0,0,0,30.26209980778218,42.252678208834155,0.0,0.0,0.0,0.019087853124418838,0.0,72.63903223678219,10.754002234107956,Medio
San Joaquín       ,40801,30429,51,51,102,2,2,0,0,0,0,13,9,4,16,8,8,76,35,41,21,13,8,5,3,2,0,0,0,0,0,0,0,26,16,10,102,12.871287128,93,46,47,9,5,4,3,0,3,2,0,2,1,1,0,7,3,4,3,1,2,2,2,0,1,1,0,102,12.0,24,11,13,7,2,5,71,38,33,31,13,18,102,11.740890688,0,0,0,52,35,17,32,8,24,0.0,100.5321,0,0,0,0,11,2,0,0,1,0,10,0,3,3,2,0,1,1,1,0,1,0,0,0,0,0,0,1,2,1,1,2,0,0,1,0,1,1,0,6,0,0,38.8690537283182,42.252678208834155,0.0,0.0,0.0,0.019087853124418838,0.0,75.4812315443182,11.481655352619553,Medio
San Joaquín       ,40801,32315,14,16,30,0,0,0,0,0,0,6,4,2,0,0,0,24,10,14,6,4,2,0,0,0,0,0,0,0,0,0,0,6,4,2,30,2.970297029,29,14,15,1,0,1,0,0,0,1,0,1,0,0,0,1,0,1,0,0,0,0,0,0,0,0,0,30,1.333333333,10,4,6,2,0,2,18,10,8,12,4,8,30,4.048582995,0,0,0,12,9,3,12,3,9,0.0,142.84,0,0,0,0,1,1,0,0,0,0,1,0,2,0,0,0,2,2,0,0,0,0,0,0,0,0,0,0,0,0,2,0,1,0,0,0,0,0,0,0,0,0,81.02733399166358,42.252678208834155,0.0,0.0,0.0,0.019087853124418838,0.0,89.37954734866358,15.039869166223745,Medio
San Joaquín       ,40801,33569,35,29,64,0,0,0,10,6,4,0,0,0,4,2,2,50,27,23,14,8,6,0,0,0,0,0,0,0,0,0,0,14,8,6,64,6.930693069,58,29,29,6,6,0,2,2,0,1,1,0,0,0,0,1,1,0,0,0,0,0,0,0,3,3,0,64,8.0,7,2,5,2,2,0,55,31,24,9,4,5,64,2.834008097,2,1,1,29,22,7,27,11,16,13.333333333,101.4606,0,0,0,0,2,1,0,0,1,0,2,0,11,0,1,0,0,2,1,0,0,0,0,0,1,0,0,0,0,1,1,1,0,1,0,0,2,1,0,0,0,0,39.79427013528986,42.252678208834155,0.0,0.0,0.0,0.019087853124418838,0.0,70.89230463428986,10.306809180554755,Bajo-medio
San Joaquín       ,40801,35162,13,9,22,0,0,0,0,0,0,0,0,0,0,0,0,22,13,9,0,0,0,0,0,0,0,0,0,0,0,0,0,0,0,0,22,0.0,19,12,7,3,1,2,0,0,0,0,0,0,0,0,0,3,1,2,2,0,2,0,0,0,0,0,0,22,4.0,1,1,0,7,4,3,14,8,6,8,5,3,22,2.429149797,0,0,0,7,5,2,15,8,7,0.0,142.8399,0,0,0,0,1,0,0,0,0,0,0,0,1,1,0,0,0,0,0,0,0,0,0,0,0,1,1,0,1,0,0,0,1,0,0,0,0,0,0,0,0,0,81.0272343453085,42.252678208834155,0.0,0.0,0.0,0.019087853124418838,0.0,87.4563841423085,14.547505488278789,Medio
San Joaquín       ,40801,37165,218,215,433,32,16,16,18,9,9,18,10,8,10,5,5,369,185,184,50,26,24,14,7,7,0,0,0,0,0,0,0,64,33,31,433,31.683168316,388,194,194,45,24,21,20,9,11,11,6,5,5,5,0,17,9,8,9,3,6,5,4,1,2,0,2,433,60.0,76,37,39,48,24,24,309,157,152,124,61,63,433,49.39271255,5,5,0,191,124,67,182,61,121,33.333333333,75.5366,4,0,0,0,22,5,2,0,3,0,16,2,25,8,13,3,7,5,3,0,3,2,0,0,3,1,6,6,7,3,4,11,3,5,1,1,2,4,0,11,0,0,13.961949042846935,42.252678208834155,0.0,0.0,0.0,0.019087853124418838,0.0,188.37116324184694,40.38346763244927,Alto
San Joaquín       ,40801,37772,76,102,178,15,7,8,0,0,0,14,5,9,2,0,2,147,64,83,31,12,19,0,0,0,0,0,0,0,0,0,0,31,12,19,178,15.346534653,128,54,74,50,22,28,46,19,27,5,3,2,1,1,0,7,4,3,0,0,0,1,1,0,1,1,0,178,66.666666666,37,16,21,17,7,10,124,53,71,54,23,31,178,21.052631578,0,0,0,77,40,37,75,25,50,0.0,70.9823,2,0,0,0,1,5,2,0,0,0,2,0,11,5,2,3,2,1,5,2,1,2,2,1,2,0,3,4,1,3,3,5,0,3,0,1,0,0,1,2,0,0,9.423755093174323,42.252678208834155,0.0,0.0,0.0,0.019087853124418838,0.0,112.48958799017433,20.9564469013381,Alto-medio
San Joaquín       ,40801,70688,38,52,90,0,0,0,0,0,0,0,0,0,0,0,0,89,38,51,0,0,0,0,0,0,0,0,0,0,0,0,1,0,0,0,90,0.0,88,37,51,2,1,1,0,0,0,0,0,0,0,0,0,0,0,0,1,0,1,1,1,0,0,0,0,90,2.666666666,26,9,17,5,2,3,59,27,32,31,11,20,90,11.740890688,2,0,2,43,25,18,26,6,20,13.333333333,91.2416,0,0,0,0,3,4,1,0,0,0,0,0,4,2,3,0,1,0,2,1,0,4,3,0,2,0,0,0,0,0,0,1,3,4,2,1,0,0,0,1,1,0,29.611409109071904,42.252678208834155,0.0,0.0,0.0,0.019087853124418838,0.0,57.352299796071904,6.840329289764566,Bajo-medio
San Joaquín       ,40801,70689,81,88,169,0,0,0,3,1,2,28,14,14,0,0,0,138,66,72,31,15,16,0,0,0,0,0,0,0,0,0,0,31,15,16,169,15.346534653,136,64,72,33,17,16,22,8,14,6,3,3,2,0,2,2,1,1,2,0,2,2,2,0,7,7,0,169,44.0,28,11,17,13,3,10,128,67,61,41,14,27,169,15.789473684,3,3,0,91,48,43,55,19,36,20.0,87.1661,0,0,0,0,10,4,0,0,0,0,1,1,8,5,5,1,4,0,2,1,2,2,0,1,0,3,5,2,3,3,5,11,1,1,2,6,0,0,0,2,0,0,25.550321907550103,42.252678208834155,0.0,0.0,0.0,0.019087853124418838,0.0,120.68633024455009,23.054957391864885,Alto-medio
San Joaquín       ,40801,70690,93,104,197,9,2,7,0,0,0,4,2,2,0,0,0,184,89,95,13,4,9,0,0,0,0,0,0,0,0,0,0,13,4,9,197,6.435643564,193,90,103,4,3,1,2,1,1,2,2,0,0,0,0,0,0,0,0,0,0,0,0,0,0,0,0,197,5.333333333,30,15,15,38,18,20,129,60,69,68,33,35,197,26.720647773,3,3,0,85,49,36,86,28,58,20.0,74.28,2,0,0,0,6,0,0,0,0,0,9,1,8,3,5,1,2,0,1,0,2,1,0,1,2,4,3,3,3,3,1,9,1,6,0,2,4,0,0,2,0,0,12.709792944838767,42.252678208834155,0.0,0.0,0.0,0.019087853124418838,0.0,71.19941761483877,10.385435516659781,Bajo-medio
San Joaquín       ,40801,70691,75,69,144,0,0,0,0,0,0,0,0,0,0,0,0,142,75,67,0,0,0,0,0,0,0,0,0,0,0,0,2,0,0,0,144,0.0,115,60,55,29,15,14,26,14,12,2,1,1,1,0,1,1,0,1,1,0,1,1,0,1,1,1,0,144,38.666666666,23,12,11,9,6,3,112,57,55,32,18,14,144,12.145748987,0,0,0,71,43,28,56,20,36,0.0,78.7294,1,0,0,0,6,1,0,0,0,0,1,0,9,8,6,1,3,1,1,2,4,4,0,0,1,0,3,0,3,0,2,2,2,2,1,1,0,4,0,2,0,0,17.143457868026374,42.252678208834155,0.0,0.0,0.0,0.019087853124418838,0.0,67.95587352102638,9.555031058874393,Bajo-medio
Barrantes         ,40802,5463,32,42,74,0,0,0,0,0,0,0,0,0,0,0,0,70,32,38,0,0,0,0,0,0,0,0,0,0,0,0,4,0,0,0,74,0.0,70,30,40,4,2,2,3,2,1,0,0,0,0,0,0,2,1,1,1,1,0,0,0,0,1,0,1,74,5.333333333,12,5,7,1,1,0,61,26,35,13,6,7,74,4.453441295,0,0,0,46,23,23,18,6,12,0.0,104.5341,2,0,0,0,5,0,0,0,0,0,0,0,7,12,2,2,2,0,0,0,2,0,0,0,2,0,0,0,0,0,0,2,1,2,0,1,0,0,0,4,0,0,42.85690085885194,32.47606598439934,5.757239878353426,0.0,0.0,0.0,0.0,58.40091536520536,7.10879335805725,Bajo-medio
Barrantes         ,40802,7061,100,82,182,0,0,0,0,0,0,0,0,0,6,4,2,175,96,79,6,4,2,0,0,0,0,0,0,0,0,0,1,6,4,2,182,2.970297029,173,93,80,9,7,2,2,2,0,0,0,0,0,0,0,7,7,0,3,1,2,0,0,0,0,0,0,182,12.0,36,20,16,17,13,4,129,67,62,53,33,20,182,20.647773279,1,1,0,88,57,31,62,26,36,6.666666666,92.411,2,0,0,0,10,6,0,0,0,0,5,1,12,7,6,0,3,0,2,0,1,0,0,0,2,0,10,2,0,2,1,5,2,1,0,1,1,1,0,5,0,0,30.776673585445256,32.47606598439934,5.757239878353426,0.0,0.0,0.0,0.0,78.81865043779868,12.336093413730023,Medio
Barrantes         ,40802,8345,69,51,120,0,0,0,0,0,0,0,0,0,6,1,5,113,67,46,6,1,5,0,0,0,0,0,0,0,0,0,1,6,1,5,120,2.970297029,113,68,45,7,1,6,2,0,2,3,0,3,0,0,0,2,1,1,1,0,1,1,0,1,1,0,1,120,9.333333333,20,10,10,20,9,11,80,50,30,40,19,21,120,15.384615384,0,0,0,45,32,13,58,28,30,0.0,92.6892,1,0,0,0,7,0,0,0,0,0,2,0,1,3,5,0,1,2,4,0,0,0,4,0,1,0,2,5,0,1,2,2,1,0,0,0,0,0,1,0,0,0,31.05388974529395,32.47606598439934,5.757239878353426,0.0,0.0,0.0,0.0,64.49937536964738,8.670106608885368,Bajo-medio
Barrantes         ,40802,9798,21,26,47,0,0,0,0,0,0,6,3,3,13,6,7,32,14,18,7,3,4,6,3,3,0,0,0,0,0,0,2,13,6,7,47,6.435643564,39,19,20,8,2,6,3,1,2,1,0,1,0,0,0,6,1,5,1,0,1,0,0,0,0,0,0,47,10.666666666,6,3,3,11,4,7,30,14,16,17,7,10,47,6.072874493,2,2,0,15,10,5,26,8,18,13.333333333,114.28,0,1,0,0,2,0,0,0,0,0,0,0,2,0,2,0,2,1,0,0,0,2,0,0,1,0,1,0,0,1,0,0,0,0,0,0,0,0,0,0,0,0,52.56833497915896,32.47606598439934,5.757239878353426,0.0,0.0,0.0,0.0,94.8340929135124,16.43632897106646,Medio
Barrantes         ,40802,9958,18,25,43,0,0,0,14,7,7,0,0,0,0,0,0,29,11,18,14,7,7,0,0,0,0,0,0,0,0,0,0,14,7,7,43,6.930693069,41,18,23,2,0,2,2,0,2,0,0,0,0,0,0,0,0,0,0,0,0,0,0,0,0,0,0,43,2.666666666,12,5,7,1,1,0,30,12,18,13,6,7,43,4.453441295,0,0,0,21,11,10,13,3,10,0.0,95.2399,0,0,0,0,0,0,0,0,0,0,0,0,2,0,2,0,0,1,1,0,0,1,1,0,2,1,0,0,2,3,0,2,1,1,0,1,0,0,0,0,0,0,33.59556932446746,32.47606598439934,5.757239878353426,0.0,0.0,0.0,0.0,53.40361023282089,5.829395163112934,Bajo
Barrantes         ,40802,13869,26,28,54,0,0,0,0,0,0,0,0,0,5,2,3,49,24,25,5,2,3,0,0,0,0,0,0,0,0,0,0,5,2,3,54,2.475247524,47,24,23,7,2,5,1,0,1,1,1,0,0,0,0,2,1,1,1,0,1,0,0,0,2,0,2,54,9.333333333,15,6,9,6,4,2,33,16,17,21,10,11,54,7.692307692,1,0,1,22,14,8,18,7,11,6.666666666,79.2033,1,0,0,0,1,1,0,0,1,1,2,0,4,0,1,0,0,0,1,0,0,0,0,0,0,1,0,0,2,0,0,1,0,1,1,2,0,0,0,1,0,0,17.615681944777982,32.47606598439934,5.757239878353426,0.0,0.0,0.0,0.0,49.54047703813141,4.840364974804843,Bajo
Barrantes         ,40802,14357,88,78,166,5,2,3,0,0,0,9,4,5,0,0,0,157,84,73,4,2,2,5,2,3,0,0,0,0,0,0,0,9,4,5,166,4.455445544,154,80,74,12,8,4,3,2,1,6,5,1,1,0,1,6,3,3,4,2,2,1,1,0,2,1,1,166,16.0,35,26,9,16,7,9,115,55,60,51,33,18,166,19.83805668,1,1,0,83,47,36,53,18,35,6.666666666,82.9547,1,0,0,0,2,1,0,0,0,0,7,1,8,3,9,3,3,2,2,0,1,1,0,0,1,2,5,2,3,3,0,7,3,3,0,0,1,1,1,7,0,0,21.3538153094667,32.47606598439934,5.757239878353426,0.0,0.0,0.0,0.0,74.07122407782013,11.120668588812542,Medio
Barrantes         ,40802,15744,64,68,132,1,1,0,1,1,0,0,0,0,4,1,3,127,62,65,4,1,3,1,1,0,0,0,0,0,0,0,0,5,2,3,132,2.475247524,121,58,63,11,6,5,8,5,3,2,2,0,0,0,0,3,1,2,0,0,0,0,0,0,1,0,1,132,14.666666666,32,14,18,14,7,7,86,43,43,46,21,25,132,17.813765182,1,1,0,62,38,24,44,13,31,6.666666666,72.3444,4,0,0,0,8,2,1,1,0,0,1,1,7,4,3,0,1,0,2,0,3,0,0,0,2,1,1,2,2,3,1,6,1,1,0,0,1,1,0,2,0,0,10.781038095798012,32.47606598439934,5.757239878353426,0.0,0.0,0.0,0.0,58.16062401215143,7.047274536369604,Bajo-medio
Barrantes         ,40802,15910,39,44,83,0,0,0,5,3,2,0,0,0,0,0,0,78,36,42,5,3,2,0,0,0,0,0,0,0,0,0,0,5,3,2,83,2.475247524,83,39,44,0,0,0,0,0,0,0,0,0,0,0,0,0,0,0,0,0,0,0,0,0,0,0,0,83,0.0,17,13,4,2,0,2,64,26,38,19,13,6,83,6.882591093,0,0,0,49,21,28,19,7,12,0.0,91.1469,0,0,0,0,3,4,0,0,0,0,0,3,5,4,3,0,0,0,3,5,3,1,0,2,2,0,1,2,1,1,0,4,0,2,0,0,0,0,0,0,0,0,29.51704401080565,32.47606598439934,5.757239878353426,0.0,0.0,0.0,0.0,44.63212250615908,3.5837397013835726,Bajo
Barrantes         ,40802,17190,91,94,185,0,0,0,0,0,0,0,0,0,1,0,1,183,91,92,1,0,1,0,0,0,0,0,0,0,0,0,1,1,0,1,185,0.495049504,175,86,89,10,5,5,2,1,1,8,4,4,2,0,2,3,1,2,1,0,1,0,0,0,0,0,0,185,13.333333333,39,21,18,15,5,10,131,65,66,54,26,28,185,21.052631578,3,3,0,81,48,33,75,28,47,20.0,68.0795,1,0,0,0,8,1,1,0,0,0,3,1,10,4,5,0,2,4,1,1,0,2,0,0,2,2,5,0,4,2,1,7,1,4,2,1,2,2,0,2,0,0,6.531220697743707,32.47606598439934,5.757239878353426,0.0,0.0,0.0,0.0,67.16947499109713,9.353699174379624,Bajo-medio
Barrantes         ,40802,17241,27,29,56,0,0,0,0,0,0,4,2,2,0,0,0,52,25,27,4,2,2,0,0,0,0,0,0,0,0,0,0,4,2,2,56,1.980198019,54,27,27,2,0,2,1,0,1,0,0,0,0,0,0,1,0,1,0,0,0,0,0,0,0,0,0,56,2.666666666,6,2,4,6,2,4,44,23,21,12,4,8,56,4.048582995,0,0,0,22,14,8,28,11,17,0.0,107.3342,1,0,0,0,1,1,1,0,0,0,0,0,4,2,4,0,0,1,0,0,0,1,0,0,1,0,0,0,1,0,1,3,0,0,0,0,0,0,0,0,0,0,45.64709844760944,32.47606598439934,5.757239878353426,0.0,0.0,0.0,0.0,60.09978600596286,7.54373418589338,Bajo-medio
Barrantes         ,40802,18255,26,11,37,0,0,0,0,0,0,0,0,0,0,0,0,37,26,11,0,0,0,0,0,0,0,0,0,0,0,0,0,0,0,0,37,0.0,33,22,11,4,4,0,4,4,0,0,0,0,0,0,0,0,0,0,0,0,0,0,0,0,0,0,0,37,5.333333333,13,13,0,0,0,0,24,13,11,13,13,0,37,4.453441295,0,0,0,22,12,10,2,1,1,0.0,161.8799,0,0,0,0,1,1,0,0,0,0,0,0,5,3,0,0,0,0,6,4,0,0,0,2,0,0,0,0,0,0,0,0,0,0,0,0,0,0,0,0,0,0,99.99990035364492,32.47606598439934,5.757239878353426,0.0,0.0,0.0,0.0,115.54391485999835,21.738408414694447,Alto-medio
Barrantes         ,40802,18387,65,58,123,0,0,0,5,2,3,5,2,3,7,3,4,107,58,49,15,7,8,1,0,1,0,0,0,0,0,0,0,16,7,9,123,7.920792079,101,51,50,22,14,8,13,7,6,5,3,2,0,0,0,4,3,1,1,1,0,3,3,0,1,0,1,123,29.333333333,20,10,10,15,6,9,88,49,39,35,16,19,123,13.360323886,1,0,1,51,32,19,57,26,31,6.666666666,86.8292,3,0,0,0,4,3,0,1,0,0,2,1,5,4,2,0,0,0,3,0,0,0,0,0,3,0,4,1,1,2,3,5,0,0,2,0,0,0,0,2,0,0,25.21461333726604,32.47606598439934,5.757239878353426,0.0,0.0,0.0,0.0,88.25296917961947,14.75144529820771,Medio
Barrantes         ,40802,18570,16,16,32,0,0,0,3,1,2,0,0,0,0,0,0,29,15,14,3,1,2,0,0,0,0,0,0,0,0,0,0,3,1,2,32,1.485148514,27,13,14,5,3,2,0,0,0,0,0,0,0,0,0,5,3,2,0,0,0,0,0,0,0,0,0,32,6.666666666,5,3,2,3,3,0,24,10,14,8,6,2,32,2.429149797,0,0,0,14,8,6,14,5,9,0.0,142.8401,0,0,0,0,0,0,2,0,0,0,0,0,4,3,0,0,0,0,0,0,1,0,0,0,0,0,0,0,0,1,1,0,0,2,0,0,0,0,0,0,0,0,81.02743363801866,32.47606598439934,5.757239878353426,0.0,0.0,0.0,0.0,97.3656384933721,17.08444925980023,Medio
Barrantes         ,40802,19159,51,52,103,0,0,0,0,0,0,0,0,0,0,0,0,103,51,52,0,0,0,0,0,0,0,0,0,0,0,0,0,0,0,0,103,0.0,97,47,50,6,4,2,2,1,1,2,0,2,1,0,1,4,2,2,2,0,2,1,1,0,1,0,1,103,8.0,25,13,12,12,6,6,66,32,34,37,19,18,103,14.170040485,0,0,0,43,28,15,39,12,27,0.0,91.4593,0,0,0,0,0,3,1,0,0,0,2,0,2,2,7,0,0,0,1,1,0,2,0,0,0,0,3,1,4,1,6,2,1,2,1,1,0,0,0,0,0,0,29.828339224093693,32.47606598439934,5.757239878353426,0.0,0.0,0.0,0.0,57.75561958744712,6.94358626515453,Bajo-medio
Barrantes         ,40802,21021,38,23,61,0,0,0,3,2,1,0,0,0,0,0,0,58,36,22,3,2,1,0,0,0,0,0,0,0,0,0,0,3,2,1,61,1.485148514,60,37,23,1,1,0,1,1,0,0,0,0,0,0,0,0,0,0,0,0,0,0,0,0,0,0,0,61,1.333333333,13,11,2,0,0,0,48,27,21,13,11,2,61,4.453441295,0,0,0,32,21,11,17,6,11,0.0,117.84,0,0,0,0,3,0,0,0,0,0,1,0,12,1,1,4,0,0,1,1,0,1,0,0,1,0,2,1,0,0,0,2,0,1,0,0,0,0,0,0,0,0,56.11574522021346,32.47606598439934,5.757239878353426,0.0,0.0,0.0,0.0,69.14490824056689,9.85944490465859,Bajo-medio
Barrantes         ,40802,22194,54,58,112,7,4,3,0,0,0,0,0,0,0,0,0,105,50,55,7,4,3,0,0,0,0,0,0,0,0,0,0,7,4,3,112,3.465346534,102,50,52,10,4,6,5,3,2,4,3,1,0,0,0,5,2,3,1,1,0,1,1,0,1,0,1,112,13.333333333,19,9,10,7,2,5,86,43,43,26,11,15,112,9.71659919,1,1,0,42,26,16,56,19,37,6.666666666,95.2205,1,0,0,0,4,2,1,0,0,0,0,0,8,4,2,0,0,1,0,0,1,0,1,0,3,1,1,0,1,0,0,5,1,2,1,0,1,0,0,1,0,0,33.57623793158082,32.47606598439934,5.757239878353426,0.0,0.0,0.0,0.0,72.51542353293425,10.722356227231646,Bajo-medio
Barrantes         ,40802,22202,38,47,85,0,0,0,0,0,0,0,0,0,0,0,0,85,38,47,0,0,0,0,0,0,0,0,0,0,0,0,0,0,0,0,85,0.0,83,37,46,2,1,1,1,0,1,1,1,0,0,0,0,1,1,0,0,0,0,0,0,0,0,0,0,85,2.666666666,29,11,18,1,1,0,55,26,29,30,12,18,85,11.336032388,0,0,0,39,24,15,22,3,19,0.0,113.5435,0,0,0,0,8,3,1,1,0,0,0,0,5,2,1,1,0,0,3,1,4,1,0,0,0,1,1,0,0,0,0,2,1,3,0,0,0,0,0,0,0,0,51.83443957395205,32.47606598439934,5.757239878353426,0.0,0.0,0.0,0.0,71.59437850630547,10.48655246634162,Bajo-medio
Barrantes         ,40802,22742,239,247,486,32,16,16,0,0,0,47,22,25,16,5,11,395,197,198,83,39,44,6,2,4,0,0,0,0,0,0,2,89,41,48,486,44.05940594,463,229,234,23,10,13,9,6,3,4,2,2,0,0,0,10,3,7,1,0,1,4,1,3,2,1,1,486,30.666666666,104,67,37,46,19,27,336,153,183,150,86,64,486,59.91902834,5,2,3,217,125,92,183,62,121,33.333333333,78.0207,7,1,0,0,30,14,4,0,0,0,7,2,25,7,11,1,3,2,6,0,6,2,2,1,3,2,2,3,5,14,4,20,4,8,2,2,2,1,2,12,0,0,16.437264149533306,32.47606598439934,5.757239878353426,0.0,0.0,0.0,0.0,190.17293830688672,40.84475380666526,Alto
Barrantes         ,40802,23318,68,70,138,1,1,0,10,5,5,0,0,0,9,5,4,119,58,61,18,9,9,1,1,0,0,0,0,0,0,0,0,19,10,9,138,9.405940594,120,61,59,18,7,11,6,2,4,6,1,5,4,3,1,10,6,4,1,0,1,5,3,2,0,0,0,138,24.0,27,14,13,25,10,15,86,44,42,52,24,28,138,20.242914979,1,1,0,42,30,12,74,28,46,6.666666666,90.4704,2,0,0,0,6,3,1,0,0,0,4,0,2,3,1,0,0,1,2,1,3,2,0,0,0,1,2,0,0,0,3,0,3,1,0,0,1,0,0,0,0,0,28.84293641865021,32.47606598439934,5.757239878353426,0.0,0.0,0.0,0.0,94.91569853600365,16.457221448781304,Medio
Barrantes         ,40802,25590,11,15,26,9,3,6,4,2,2,0,0,0,0,0,0,13,6,7,13,5,8,0,0,0,0,0,0,0,0,0,0,13,5,8,26,6.435643564,23,9,14,3,2,1,3,2,1,0,0,0,0,0,0,1,1,0,0,0,0,0,0,0,0,0,0,26,4.0,7,4,3,1,0,1,18,7,11,8,4,4,26,2.429149797,0,0,0,11,7,4,9,0,9,0.0,152.3599,5,0,0,0,1,0,0,0,0,0,1,0,0,0,0,0,0,0,0,0,0,0,0,0,0,0,0,1,0,0,0,0,0,0,0,0,0,0,0,3,0,0,90.5135673494767,32.47606598439934,5.757239878353426,0.0,0.0,0.0,0.0,109.13560058883013,20.0977670101828,Alto-medio
Barrantes         ,40802,27611,38,38,76,3,2,1,0,0,0,11,6,5,3,2,1,59,28,31,17,10,7,0,0,0,0,0,0,0,0,0,0,17,10,7,76,8.415841584,74,37,37,2,1,1,2,1,1,0,0,0,0,0,0,0,0,0,0,0,0,0,0,0,0,0,0,76,2.666666666,19,9,10,4,2,2,53,27,26,23,11,12,76,8.502024291,2,2,0,39,24,15,20,3,17,13.333333333,93.7671,0,0,0,0,5,1,0,0,0,0,2,0,6,3,1,1,0,2,1,0,3,2,0,0,0,1,3,0,0,0,2,2,0,1,0,0,1,1,0,1,0,0,32.127977806763795,32.47606598439934,5.757239878353426,0.0,0.0,0.0,0.0,70.80308355911723,10.283967012725713,Bajo-medio
Barrantes         ,40802,29165,29,32,61,0,0,0,15,5,10,6,3,3,0,0,0,39,21,18,21,8,13,0,0,0,0,0,0,0,0,0,1,21,8,13,61,10.396039603,53,26,27,8,3,5,6,3,3,0,0,0,2,0,2,2,0,2,4,0,4,2,0,2,2,0,2,61,10.666666666,14,7,7,0,0,0,47,22,25,14,7,7,61,4.858299595,0,0,0,30,17,13,19,5,14,0.0,87.6137,0,0,0,0,2,0,0,0,0,0,0,0,5,3,1,1,0,1,2,0,1,2,1,0,2,0,3,0,0,0,0,1,0,0,0,0,0,1,0,2,0,2,25.996338992914147,32.47606598439934,5.757239878353426,0.0,0.0,0.0,0.0,57.67458473526757,6.922839914699716,Bajo-medio
Barrantes         ,40802,30466,30,41,71,2,1,1,0,0,0,0,0,0,8,4,4,61,25,36,10,5,5,0,0,0,0,0,0,0,0,0,0,10,5,5,71,4.950495049,58,29,29,13,1,12,6,0,6,4,0,4,0,0,0,8,0,8,4,0,4,1,0,1,2,1,1,71,17.333333333,13,5,8,11,2,9,47,23,24,24,7,17,71,8.906882591,0,0,0,28,17,11,31,8,23,0.0,97.6059,0,0,0,0,2,2,0,0,0,0,1,0,5,0,2,0,0,1,0,0,0,0,0,0,1,0,3,0,1,0,0,2,0,3,0,1,0,0,2,2,0,0,35.95320208579751,32.47606598439934,5.757239878353426,0.0,0.0,0.0,0.0,72.90115293715094,10.821109753465956,Medio
Barrantes         ,40802,30978,24,24,48,0,0,0,11,4,7,0,0,0,0,0,0,35,20,15,11,4,7,0,0,0,0,0,0,0,0,0,2,11,4,7,48,5.445544554,46,24,22,2,0,2,2,0,2,0,0,0,0,0,0,0,0,0,0,0,0,0,0,0,0,0,0,48,2.666666666,10,6,4,1,0,1,37,18,19,11,6,5,48,3.643724696,0,0,0,20,10,10,21,10,11,0.0,123.8,0,0,0,0,0,1,0,0,0,0,4,3,1,0,3,0,0,0,1,2,0,0,0,0,0,1,0,2,1,1,0,0,0,0,0,0,0,0,0,0,0,0,62.05466798332717,32.47606598439934,5.757239878353426,0.0,0.0,0.0,0.0,79.5678437776806,12.52790011380476,Medio
Barrantes         ,40802,32820,176,205,381,9,3,6,16,6,10,11,3,8,18,3,15,337,162,175,30,13,17,12,1,11,0,0,0,0,0,0,2,42,14,28,381,20.792079207,306,141,165,75,35,40,64,30,34,6,5,1,0,0,0,12,5,7,5,3,2,2,1,1,1,0,1,381,100.0,74,35,39,47,20,27,260,121,139,121,55,66,381,48.178137651,2,2,0,181,100,81,140,48,92,13.333333333,79.601,4,0,0,0,13,8,1,1,0,0,2,0,23,10,10,5,6,4,8,3,2,6,2,1,4,3,5,3,5,8,3,13,10,12,1,0,1,3,0,1,0,0,18.01197549895421,32.47606598439934,5.757239878353426,0.0,0.0,0.0,0.0,206.07276556830766,44.91538983134243,Alto
Barrantes         ,40802,34306,35,37,72,0,0,0,3,2,1,0,0,0,0,0,0,69,33,36,3,2,1,0,0,0,0,0,0,0,0,0,0,3,2,1,72,1.485148514,71,34,37,1,1,0,1,1,0,0,0,0,0,0,0,0,0,0,0,0,0,0,0,0,0,0,0,72,1.333333333,15,6,9,1,1,0,56,28,28,16,7,9,72,5.668016194,1,1,0,45,25,20,13,4,9,6.666666666,102.2092,0,0,0,0,4,3,1,0,0,0,1,0,7,5,2,1,0,0,2,4,1,2,0,0,1,1,2,1,3,1,1,1,0,1,0,0,0,0,0,0,0,0,40.54022274946216,32.47606598439934,5.757239878353426,0.0,0.0,0.0,0.0,61.450627334815586,7.889573375617966,Bajo-medio
Barrantes         ,40802,35760,164,158,322,29,11,18,13,4,9,22,5,17,11,2,9,263,145,118,48,17,31,6,1,5,5,1,4,0,0,0,0,59,19,40,322,29.207920792,300,154,146,22,10,12,12,4,8,1,0,1,0,0,0,8,3,5,4,0,4,2,2,0,1,1,0,322,29.333333333,74,40,34,38,17,21,210,107,103,112,57,55,322,44.534412955,0,0,0,129,81,48,141,56,85,0.0,91.8947,1,0,0,0,22,14,3,0,2,0,2,0,17,6,12,3,2,1,3,0,3,1,1,0,3,3,3,2,1,2,2,7,3,1,0,0,1,1,0,7,0,0,30.262199454137267,32.47606598439934,5.757239878353426,0.0,0.0,0.0,0.0,139.09510641249068,27.767928558618358,Alto-medio
Barrantes         ,40802,37288,18,19,37,0,0,0,0,0,0,0,0,0,3,2,1,34,16,18,3,2,1,0,0,0,0,0,0,0,0,0,0,3,2,1,37,1.485148514,37,18,19,0,0,0,0,0,0,0,0,0,0,0,0,0,0,0,0,0,0,0,0,0,0,0,0,37,0.0,7,3,4,3,2,1,27,13,14,10,5,5,37,3.238866396,1,1,0,13,11,2,17,4,13,6.666666666,142.8399,2,0,0,0,0,0,1,0,0,0,0,0,1,1,0,0,2,1,0,0,4,0,0,0,0,0,0,0,0,0,1,0,0,0,0,0,0,0,0,0,0,0,81.0272343453085,32.47606598439934,5.757239878353426,0.0,0.0,0.0,0.0,98.17515579966194,17.291699958528167,Medio
Barrantes         ,40802,37653,154,149,303,25,11,14,0,0,0,15,7,8,0,0,0,261,136,125,40,18,22,0,0,0,0,0,0,0,0,0,2,40,18,22,303,19.801980198,283,144,139,20,10,10,15,6,9,3,2,1,1,1,0,4,2,2,1,1,0,0,0,0,2,2,0,303,26.666666666,72,37,35,12,3,9,219,114,105,84,40,44,303,33.198380566,0,0,0,146,97,49,98,27,71,0.0,78.6635,4,0,0,0,21,3,1,0,0,0,10,2,16,7,10,0,2,0,7,6,1,1,3,1,3,2,8,5,5,5,1,7,3,4,1,0,1,1,0,5,0,0,17.07779092002483,32.47606598439934,5.757239878353426,0.0,0.0,0.0,0.0,102.50205822837825,18.399463245009418,Alto-medio
Barrantes         ,40802,70388,71,68,139,0,0,0,0,0,0,0,0,0,0,0,0,139,71,68,0,0,0,0,0,0,0,0,0,0,0,0,0,0,0,0,139,0.0,131,66,65,8,5,3,5,2,3,0,0,0,0,0,0,3,3,0,0,0,0,0,0,0,0,0,0,139,10.666666666,34,14,20,6,3,3,99,54,45,40,17,23,139,15.384615384,0,0,0,78,48,30,37,14,23,0.0,83.8654,2,0,0,0,6,2,1,1,3,0,1,0,9,3,1,0,4,1,6,2,1,1,0,0,5,7,4,6,1,1,2,1,0,2,1,0,0,2,1,1,0,0,22.261294665233088,32.47606598439934,5.757239878353426,0.0,0.0,0.0,0.0,54.06981659358651,5.999955733829427,Bajo
Barrantes         ,40802,70389,33,28,61,1,1,0,5,4,1,0,0,0,4,2,2,52,27,25,8,5,3,1,1,0,0,0,0,0,0,0,0,9,6,3,61,4.455445544,59,31,28,2,2,0,0,0,0,0,0,0,0,0,0,0,0,0,1,1,0,1,1,0,0,0,0,61,2.666666666,14,10,4,3,2,1,44,21,23,17,12,5,61,6.072874493,0,0,0,27,21,6,25,5,20,0.0,98.3955,1,0,0,0,5,1,3,1,0,0,1,0,5,0,0,0,1,0,0,0,0,0,0,0,0,0,2,0,1,1,0,0,0,1,1,0,1,0,0,2,0,0,36.74000970555498,32.47606598439934,5.757239878353426,0.0,0.0,0.0,0.0,55.692236286908404,6.415323771619769,Bajo
Barrantes         ,40802,70390,85,90,175,9,3,6,0,0,0,15,6,9,0,0,0,150,76,74,24,9,15,0,0,0,0,0,0,0,0,0,1,24,9,15,175,11.881188118,167,77,90,8,8,0,1,1,0,0,0,0,1,1,0,4,4,0,0,0,0,0,0,0,2,2,0,175,10.666666666,21,9,12,31,10,21,123,66,57,52,19,33,175,20.242914979,6,6,0,67,41,26,85,30,55,40.0,83.7032,1,0,0,0,8,2,0,1,0,0,4,0,12,7,5,1,0,2,0,0,2,1,1,1,1,1,1,1,2,1,2,3,0,2,2,0,0,0,0,3,0,0,22.099668277283918,32.47606598439934,5.757239878353426,0.0,0.0,0.0,0.0,110.64767791863736,20.484885458050822,Alto-medio
Llorente          ,40803,583,248,272,520,9,4,5,0,0,0,51,25,26,10,3,7,450,216,234,70,32,38,0,0,0,0,0,0,0,0,0,0,70,32,38,520,34.653465346,477,229,248,43,19,24,23,9,14,6,4,2,1,1,0,11,3,8,6,4,2,3,2,1,3,1,2,520,57.333333333,109,59,50,42,20,22,369,169,200,151,79,72,520,60.323886639,4,3,1,218,129,89,213,72,141,26.666666666,81.944,2,1,0,0,30,6,1,0,0,0,6,1,29,12,18,2,2,3,6,4,2,9,0,0,3,2,6,5,8,3,11,21,2,6,1,2,2,5,0,7,0,0,20.346689598614518,25.271255806766497,10.0,0.0,0.0,0.0,0.0,209.3240415826145,45.747773797055004,Alto
Llorente          ,40803,1132,55,65,120,0,0,0,0,0,0,0,0,0,3,1,2,116,54,62,3,1,2,0,0,0,0,0,0,0,0,0,1,3,1,2,120,1.485148514,117,53,64,3,2,1,0,0,0,2,2,0,1,1,0,1,0,1,0,0,0,0,0,0,0,0,0,120,4.0,20,5,15,5,3,2,95,47,48,25,8,17,120,9.31174089,2,2,0,67,39,28,36,11,25,13.333333333,88.5439,0,0,0,0,7,7,0,0,1,0,2,1,6,6,6,1,1,0,2,2,3,0,0,0,0,1,6,1,1,3,0,1,1,3,1,0,2,0,0,2,0,0,26.92324938792226,25.271255806766497,10.0,0.0,0.0,0.0,0.0,65.05347212492227,8.811965144584773,Bajo-medio
Llorente          ,40803,1559,58,45,103,0,0,0,0,0,0,15,8,7,3,2,1,85,48,37,18,10,8,0,0,0,0,0,0,0,0,0,0,18,10,8,103,8.910891089,99,54,45,4,4,0,0,0,0,1,1,0,0,0,0,2,2,0,0,0,0,0,0,0,1,1,0,103,5.333333333,20,10,10,4,2,2,79,46,33,24,12,12,103,8.906882591,0,0,0,50,36,14,39,14,25,0.0,112.36,0,0,0,0,14,5,1,0,0,0,2,0,7,0,1,2,3,3,0,0,0,1,0,0,0,0,5,0,0,0,2,0,1,1,0,0,0,1,0,1,0,0,50.655124961511596,25.271255806766497,10.0,0.0,0.0,0.0,0.0,83.8062319745116,13.613002196797142,Medio
Llorente          ,40803,2911,69,65,134,0,0,0,0,0,0,62,31,31,0,0,0,72,38,34,62,31,31,0,0,0,0,0,0,0,0,0,0,62,31,31,134,30.693069306,121,64,57,13,5,8,10,4,6,1,1,0,0,0,0,3,1,2,1,1,0,0,0,0,1,1,0,134,17.333333333,27,16,11,12,7,5,95,46,49,39,23,16,134,14.979757085,0,0,0,67,42,25,46,17,29,0.0,64.0983,4,1,0,0,5,3,0,0,0,0,4,0,8,2,3,0,0,2,3,0,1,2,0,0,2,0,2,0,3,1,2,2,5,3,0,2,0,3,0,4,0,0,2.564100009067818,25.271255806766497,10.0,0.0,0.0,0.0,0.0,75.57025973306781,11.504448138124541,Medio
Llorente          ,40803,4024,271,340,611,12,3,9,25,12,13,34,15,19,62,21,41,495,228,267,99,35,64,17,8,9,0,0,0,0,0,0,0,116,43,73,611,57.425742574,558,247,311,53,24,29,29,11,18,2,1,1,1,0,1,11,3,8,4,2,2,2,0,2,8,7,1,611,70.666666666,159,72,87,35,13,22,417,186,231,194,85,109,611,77.732793522,10,5,5,235,151,84,244,58,186,66.666666666,83.1072,3,2,0,0,38,12,4,0,1,0,12,0,35,14,10,2,10,4,3,2,1,3,0,0,3,1,7,2,7,7,7,18,4,7,2,2,3,2,1,6,0,0,21.50577600097255,25.271255806766497,10.0,0.0,0.0,0.0,0.0,303.99764542897253,69.98588507126266,Alto
Llorente          ,40803,4153,127,143,270,0,0,0,0,0,0,23,8,15,6,3,3,241,116,125,29,11,18,0,0,0,0,0,0,0,0,0,0,29,11,18,270,14.356435643,244,115,129,26,12,14,23,11,12,1,0,1,0,0,0,3,1,2,0,0,0,0,0,0,0,0,0,270,34.666666666,67,31,36,5,2,3,198,94,104,72,33,39,270,28.340080971,4,2,2,125,79,46,90,21,69,26.666666666,88.44,4,0,0,0,15,13,2,1,1,0,4,0,18,7,12,5,0,4,2,1,1,3,0,0,1,0,8,1,5,1,2,2,2,1,2,0,0,1,0,6,0,0,26.819716824988117,25.271255806766497,10.0,0.0,0.0,0.0,0.0,140.8495667709881,28.217101334004184,Alto-medio
Llorente          ,40803,4490,103,120,223,2,1,1,0,0,0,20,8,12,6,3,3,195,91,104,28,12,16,0,0,0,0,0,0,0,0,0,0,28,12,16,223,13.861386138,207,98,109,16,5,11,7,3,4,5,2,3,0,0,0,6,1,5,6,3,3,1,0,1,1,0,1,223,21.333333333,42,23,19,25,11,14,156,69,87,67,34,33,223,26.315789473,4,3,1,105,58,47,84,28,56,26.666666666,87.6171,2,0,0,0,9,4,0,0,0,0,2,0,13,9,8,1,0,1,5,1,3,2,0,0,3,2,3,2,4,5,4,12,0,1,0,0,2,1,0,6,0,0,25.999726968987066,25.271255806766497,10.0,0.0,0.0,0.0,0.0,124.17690257898705,23.94860543329844,Alto-medio
Llorente          ,40803,4695,88,93,181,1,0,1,0,0,0,0,0,0,0,0,0,178,88,90,1,0,1,0,0,0,0,0,0,0,0,0,2,1,0,1,181,0.495049504,141,63,78,40,25,15,33,20,13,3,2,1,0,0,0,4,3,1,1,1,0,0,0,0,0,0,0,181,53.333333333,23,10,13,9,4,5,149,74,75,32,14,18,181,12.145748987,2,0,2,109,65,44,51,16,35,13.333333333,70.5889,4,0,0,0,7,10,1,1,0,0,3,0,9,6,3,2,2,1,2,2,5,1,0,0,4,3,13,1,2,2,2,7,1,5,1,1,6,0,0,2,0,0,9.031746332266785,25.271255806766497,10.0,0.0,0.0,0.0,0.0,98.33921148926677,17.33370110666511,Medio
Llorente          ,40803,4858,436,418,854,27,16,11,35,20,15,94,52,42,65,27,38,650,331,319,183,93,90,19,11,8,0,0,0,0,0,0,2,202,104,98,854,100.0,784,404,380,70,32,38,40,18,22,5,3,2,2,2,0,17,5,12,4,1,3,10,8,2,3,1,2,854,93.333333333,210,113,97,39,19,20,605,304,301,249,132,117,854,100.0,15,11,4,376,248,128,294,84,210,100.0,79.4875,5,2,1,0,68,22,4,0,5,0,17,0,56,31,16,2,3,7,9,0,7,3,0,0,6,7,14,6,10,4,9,15,6,9,4,1,5,7,3,12,0,0,17.898876885931827,25.271255806766497,10.0,0.0,0.0,0.0,0.0,421.2322102189318,100.0,Alto
Llorente          ,40803,5386,157,147,304,34,18,16,5,3,2,22,12,10,2,0,2,250,130,120,45,21,24,9,6,3,0,0,0,0,0,0,0,54,27,27,304,26.732673267,292,153,139,12,4,8,2,0,2,3,2,1,0,0,0,1,0,1,1,1,0,2,1,1,3,0,3,304,16.0,94,51,43,6,3,3,204,103,101,100,54,46,304,39.67611336,2,1,1,118,80,38,111,39,72,13.333333333,103.2073,1,0,0,0,25,12,0,0,0,0,15,0,10,8,6,1,2,3,0,0,3,1,0,0,1,1,12,0,1,4,1,2,0,2,1,0,2,3,0,1,0,0,41.534793019573534,25.271255806766497,10.0,0.0,0.0,0.0,0.0,147.27691297957352,29.86261524994606,Alto
Llorente          ,40803,5452,85,73,158,22,13,9,0,0,0,34,15,19,3,2,1,112,62,50,33,16,17,13,7,6,0,0,0,0,0,0,0,46,23,23,158,22.772277227,124,69,55,34,16,18,23,10,13,4,1,3,2,0,2,6,3,3,2,0,2,4,2,2,3,1,2,158,45.333333333,35,21,14,5,3,2,118,61,57,40,24,16,158,15.384615384,2,1,1,72,49,23,60,21,39,13.333333333,91.2486,0,0,0,0,15,13,2,0,5,0,3,0,7,1,4,1,2,1,1,1,0,0,0,0,0,0,1,0,3,0,1,0,1,1,3,0,1,1,0,4,0,0,29.618384353927908,25.271255806766497,10.0,0.0,0.0,0.0,0.0,136.4419436309279,27.08867212265901,Alto-medio
Llorente          ,40803,6471,88,91,179,10,5,5,0,0,0,5,1,4,9,4,5,160,80,80,14,6,8,5,2,3,0,0,0,0,0,0,0,19,8,11,179,9.405940594,175,86,89,4,2,2,0,0,0,0,0,0,0,0,0,1,1,0,0,0,0,3,1,2,0,0,0,179,5.333333333,43,18,25,7,4,3,129,66,63,50,22,28,179,19.43319838,3,3,0,73,47,26,63,22,41,20.0,129.0031,0,0,0,0,20,4,0,0,1,0,3,0,14,11,2,0,0,1,0,1,0,0,0,1,0,0,7,0,0,0,0,2,0,0,0,0,0,1,0,5,0,0,67.23936748479646,25.271255806766497,10.0,0.0,0.0,0.0,0.0,131.41183979179647,25.800876880686957,Alto-medio
Llorente          ,40803,6666,169,171,340,31,18,13,0,0,0,39,21,18,16,6,10,271,132,139,52,29,23,17,8,9,0,0,0,0,0,0,0,69,37,32,340,34.158415841,310,154,156,30,15,15,11,5,6,7,5,2,4,1,3,15,7,8,5,1,4,0,0,0,0,0,0,340,40.0,80,36,44,23,8,15,237,125,112,103,44,59,340,40.890688259,12,5,7,136,97,39,123,36,87,80.0,88.428,9,0,0,0,27,9,0,1,0,0,11,0,20,8,5,3,2,4,1,0,4,0,1,0,4,2,5,0,5,1,3,4,0,3,0,0,0,1,0,3,0,0,26.80775926237782,25.271255806766497,10.0,0.0,0.0,0.0,0.0,231.85686336237782,51.51657332966943,Alto
Llorente          ,40803,7673,131,131,262,0,0,0,0,0,0,22,12,10,10,6,4,230,113,117,32,18,14,0,0,0,0,0,0,0,0,0,0,32,18,14,262,15.841584158,247,122,125,15,9,6,9,5,4,3,3,0,0,0,0,5,2,3,1,1,0,1,1,0,1,1,0,262,20.0,53,28,25,24,10,14,185,93,92,77,38,39,262,30.364372469,5,4,1,108,70,38,105,36,69,33.333333333,81.4682,1,0,0,0,19,4,1,0,1,1,3,0,10,6,8,3,3,2,4,0,4,2,1,0,2,0,3,1,3,7,1,7,3,3,2,1,1,1,0,0,0,0,19.872572241116277,25.271255806766497,10.0,0.0,0.0,0.0,0.0,129.41186220111626,25.288847366446664,Alto-medio
Llorente          ,40803,8753,59,58,117,0,0,0,0,0,0,0,0,0,0,0,0,117,59,58,0,0,0,0,0,0,0,0,0,0,0,0,0,0,0,0,117,0.0,88,45,43,29,14,15,16,5,11,11,5,6,5,4,1,10,5,5,1,0,1,3,3,0,0,0,0,117,38.666666666,17,10,7,8,5,3,92,44,48,25,15,10,117,9.31174089,1,0,1,52,37,15,50,14,36,6.666666666,93.0306,1,0,0,0,8,4,2,0,1,0,1,0,5,0,5,0,2,2,0,0,0,2,0,0,3,0,0,0,5,1,0,4,4,1,0,0,0,0,0,1,0,0,31.394082401556872,25.271255806766497,10.0,0.0,0.0,0.0,0.0,96.03915662355686,16.744846520942012,Medio
Llorente          ,40803,10610,33,33,66,0,0,0,0,0,0,3,2,1,0,0,0,63,31,32,3,2,1,0,0,0,0,0,0,0,0,0,0,3,2,1,66,1.485148514,63,32,31,3,1,2,2,1,1,0,0,0,0,0,0,0,0,0,0,0,0,1,0,1,0,0,0,66,4.0,7,3,4,6,0,6,53,30,23,13,3,10,66,4.453441295,0,0,0,32,19,13,29,11,18,0.0,111.3,0,0,0,0,5,2,0,0,0,0,2,0,3,4,2,0,1,0,0,0,2,0,0,0,0,0,0,2,1,0,1,4,2,1,0,0,0,0,0,0,0,0,49.59887359760211,25.271255806766497,10.0,0.0,0.0,0.0,0.0,69.53746340660211,9.959945946227345,Bajo-medio
Llorente          ,40803,13426,106,90,196,11,8,3,0,0,0,0,0,0,10,4,6,175,94,81,21,12,9,0,0,0,0,0,0,0,0,0,0,21,12,9,196,10.396039603,182,98,84,14,8,6,1,1,0,5,2,3,3,2,1,5,2,3,4,2,2,5,3,2,2,2,0,196,18.666666666,41,23,18,14,8,6,141,75,66,55,31,24,196,21.457489878,3,3,0,79,51,28,85,33,52,20.0,104.8655,1,0,0,0,13,11,0,1,1,0,12,0,7,2,8,0,1,0,1,1,0,0,0,0,0,0,3,2,1,1,0,2,1,2,0,0,2,0,0,6,0,0,43.18712887960628,25.271255806766497,10.0,0.0,0.0,0.0,0.0,123.70732502660628,23.828385303250936,Alto-medio
Llorente          ,40803,14159,70,86,156,6,2,4,0,0,0,8,6,2,7,3,4,135,59,76,21,11,10,0,0,0,0,0,0,0,0,0,0,21,11,10,156,10.396039603,140,63,77,16,7,9,12,6,6,3,2,1,0,0,0,1,0,1,3,1,2,0,0,0,0,0,0,156,21.333333333,37,17,20,10,4,6,109,49,60,47,21,26,156,18.218623481,1,1,0,70,37,33,54,19,35,6.666666666,92.3715,0,0,0,0,6,5,0,0,0,0,5,0,8,9,3,1,0,3,0,0,6,0,1,0,0,0,3,1,3,2,0,7,1,2,1,0,0,1,0,2,0,0,30.737313275186363,25.271255806766497,10.0,0.0,0.0,0.0,0.0,97.35197635818636,17.08095151238784,Medio
Llorente          ,40803,14522,88,100,188,0,0,0,0,0,0,38,18,20,12,4,8,144,68,76,38,18,20,6,2,4,0,0,0,0,0,0,0,44,20,24,188,21.782178217,157,80,77,31,8,23,26,4,22,1,1,0,1,1,0,3,2,1,2,1,1,1,0,1,2,2,0,188,41.333333333,57,31,26,3,1,2,128,56,72,60,32,28,188,23.481781376,2,2,0,68,41,27,73,19,54,13.333333333,103.0563,1,0,0,0,12,7,2,0,1,0,1,0,13,7,3,0,0,5,2,0,0,2,1,0,1,0,0,1,2,0,0,1,0,0,0,0,2,2,0,2,0,0,41.38432702339397,25.271255806766497,10.0,0.0,0.0,0.0,0.0,151.31495328239396,30.89642474079774,Alto
Llorente          ,40803,14678,27,23,50,0,0,0,0,0,0,15,8,7,0,0,0,34,18,16,15,8,7,0,0,0,0,0,0,0,0,0,1,15,8,7,50,7.425742574,47,26,21,3,1,2,2,1,1,3,1,2,0,0,0,2,1,1,0,0,0,0,0,0,0,0,0,50,4.0,14,5,9,1,0,1,35,22,13,15,5,10,50,5.263157894,0,0,0,24,21,3,16,5,11,0.0,91.653,1,0,0,0,2,0,1,0,0,0,2,0,4,1,2,0,0,0,0,1,2,0,0,0,1,0,4,0,1,1,0,0,0,0,1,0,0,0,0,0,0,0,30.021354213894888,25.271255806766497,10.0,0.0,0.0,0.0,0.0,56.71025468189489,6.675954424033893,Bajo
Llorente          ,40803,17991,88,98,186,2,2,0,11,5,6,4,3,1,0,0,0,167,78,89,17,10,7,0,0,0,0,0,0,0,0,0,2,17,10,7,186,8.415841584,164,78,86,22,10,12,19,8,11,2,2,0,1,0,1,0,0,0,0,0,0,0,0,0,0,0,0,186,29.333333333,54,26,28,3,1,2,129,61,68,57,27,30,186,22.267206477,2,2,0,90,49,41,45,13,32,13.333333333,82.8405,1,1,0,0,11,4,2,0,1,0,1,0,11,7,5,0,0,0,2,1,0,3,0,0,7,7,2,2,1,4,2,4,2,2,1,1,0,2,0,3,0,0,21.240019171958718,25.271255806766497,10.0,0.0,0.0,0.0,0.0,104.58973389895871,18.93394501344515,Alto-medio
Llorente          ,40803,18815,46,36,82,3,2,1,0,0,0,4,3,1,0,0,0,75,41,34,7,5,2,0,0,0,0,0,0,0,0,0,0,7,5,2,82,3.465346534,72,40,32,10,6,4,5,3,2,0,0,0,0,0,0,0,0,0,0,0,0,5,3,2,0,0,0,82,13.333333333,13,6,7,11,6,5,58,34,24,24,12,12,82,8.906882591,0,0,0,41,27,14,29,13,16,0.0,123.564,1,0,0,0,3,1,0,0,0,0,6,1,4,2,1,0,0,0,0,0,1,2,0,0,0,0,6,1,0,0,3,4,2,3,0,0,0,0,0,0,0,0,61.819502585324685,25.271255806766497,10.0,0.0,0.0,0.0,0.0,97.52506504332469,17.125265266594315,Medio
Llorente          ,40803,18921,39,40,79,0,0,0,0,0,0,9,4,5,0,0,0,69,35,34,9,4,5,0,0,0,0,0,0,0,0,0,1,9,4,5,79,4.455445544,67,34,33,12,5,7,9,2,7,2,1,1,0,0,0,2,2,0,2,2,0,0,0,0,0,0,0,79,16.0,16,4,12,5,5,0,58,30,28,21,9,12,79,7.692307692,0,0,0,40,26,14,28,10,18,0.0,93.8,0,0,0,0,5,1,0,0,0,0,2,1,3,2,1,0,3,1,1,0,1,0,0,1,2,0,2,1,0,2,0,0,6,3,0,0,0,1,0,1,0,0,32.16076145758702,25.271255806766497,10.0,0.0,0.0,0.0,0.0,70.30851469358703,10.157348666022301,Bajo-medio
Llorente          ,40803,21350,13,18,31,0,0,0,0,0,0,5,3,2,0,0,0,26,10,16,5,3,2,0,0,0,0,0,0,0,0,0,0,5,3,2,31,2.475247524,22,8,14,9,5,4,9,5,4,0,0,0,0,0,0,0,0,0,0,0,0,0,0,0,0,0,0,31,12.0,5,0,5,2,1,1,24,12,12,7,1,6,31,2.024291497,0,0,0,14,8,6,14,5,9,0.0,114.2803,1,0,0,0,0,1,0,0,0,0,0,0,1,0,3,0,0,0,0,0,0,0,0,0,1,0,1,1,0,0,0,3,1,0,0,0,0,1,0,0,0,0,52.56863391822422,25.271255806766497,10.0,0.0,0.0,0.0,0.0,79.06817293922423,12.399975572106353,Medio
Llorente          ,40803,21451,165,169,334,24,13,11,0,0,0,36,21,15,36,18,18,268,129,139,36,20,16,30,16,14,0,0,0,0,0,0,0,66,36,30,334,32.673267326,314,153,161,20,12,8,12,6,6,3,3,0,0,0,0,6,4,2,0,0,0,2,1,1,0,0,0,334,26.666666666,73,36,37,24,12,12,237,117,120,97,48,49,334,38.461538461,7,5,2,145,98,47,129,35,94,46.666666666,90.5615,3,0,0,0,27,13,0,0,0,0,7,0,16,9,10,0,3,3,3,1,1,4,0,0,5,1,10,1,6,3,2,3,5,7,0,0,0,2,0,0,0,0,28.933714248133374,25.271255806766497,10.0,0.0,0.0,0.0,0.0,183.40185336713338,39.111236716905005,Alto
Llorente          ,40803,21477,24,27,51,0,0,0,0,0,0,0,0,0,7,4,3,44,20,24,7,4,3,0,0,0,0,0,0,0,0,0,0,7,4,3,51,3.465346534,50,24,26,1,0,1,1,0,1,0,0,0,0,0,0,0,0,0,0,0,0,0,0,0,0,0,0,51,1.333333333,22,13,9,1,0,1,28,11,17,23,13,10,51,8.502024291,0,0,0,13,9,4,19,4,15,0.0,114.2799,0,0,0,0,4,0,0,0,2,0,1,0,0,1,1,0,0,0,0,0,0,0,0,0,0,1,0,0,0,1,0,0,0,1,1,0,0,0,0,0,0,0,52.56823533280388,25.271255806766497,10.0,0.0,0.0,0.0,0.0,75.86893949080388,11.580915420547937,Medio
Llorente          ,40803,21668,48,50,98,0,0,0,0,0,0,6,5,1,14,9,5,78,34,44,20,14,6,0,0,0,0,0,0,0,0,0,0,20,14,6,98,9.900990099,85,42,43,13,6,7,12,5,7,0,0,0,0,0,0,1,0,1,0,0,0,1,1,0,0,0,0,98,17.333333333,17,9,8,4,1,3,77,38,39,21,10,11,98,7.692307692,2,0,2,49,29,20,33,11,22,13.333333333,85.7086,0,0,0,0,4,0,2,0,0,0,1,0,3,4,3,1,6,2,2,0,0,0,0,0,0,0,3,1,3,0,1,5,0,3,1,1,0,0,0,3,0,0,24.09797628217456,25.271255806766497,10.0,0.0,0.0,0.0,0.0,82.35794073917455,13.24221411338872,Medio
Llorente          ,40803,22671,73,98,171,3,2,1,0,0,0,31,16,15,3,2,1,137,55,82,31,16,15,3,2,1,0,0,0,0,0,0,0,34,18,16,171,16.831683168,168,71,97,3,2,1,0,0,0,1,0,1,1,0,1,0,0,0,0,0,0,2,2,0,0,0,0,171,4.0,58,26,32,3,1,2,110,46,64,61,27,34,171,23.886639676,1,1,0,47,34,13,79,18,61,6.666666666,122.5726,1,0,0,0,12,5,0,0,1,0,6,0,5,3,6,0,0,0,0,0,1,0,0,0,0,1,0,0,0,1,1,2,0,0,1,0,0,1,0,0,0,0,60.83160862100406,25.271255806766497,10.0,0.0,0.0,0.0,0.0,122.21659813100405,23.446732942855963,Alto-medio
Llorente          ,40803,26378,89,76,165,0,0,0,0,0,0,4,2,2,8,6,2,153,81,72,12,8,4,0,0,0,0,0,0,0,0,0,0,12,8,4,165,5.940594059,158,85,73,7,4,3,0,0,0,1,1,0,1,1,0,6,3,3,0,0,0,0,0,0,0,0,0,165,9.333333333,20,10,10,25,14,11,120,65,55,45,24,21,165,17.408906882,2,2,0,68,45,23,84,37,47,13.333333333,84.0161,0,0,0,0,10,3,0,0,0,0,5,1,6,3,6,0,6,2,1,1,1,2,2,0,0,1,2,1,2,0,1,2,0,1,1,1,1,0,1,5,0,0,22.41146172234739,25.271255806766497,10.0,0.0,0.0,0.0,0.0,78.42762932934738,12.235985117941606,Medio
Llorente          ,40803,26964,46,41,87,0,0,0,9,6,3,6,2,4,0,0,0,70,38,32,15,8,7,0,0,0,0,0,0,0,0,0,2,15,8,7,87,7.425742574,85,46,39,2,0,2,0,0,0,0,0,0,0,0,0,1,0,1,0,0,0,0,0,0,1,0,1,87,2.666666666,20,12,8,4,2,2,63,32,31,24,14,10,87,8.906882591,0,0,0,46,30,16,25,4,21,0.0,115.1044,0,0,0,0,13,1,0,1,0,0,0,0,2,1,0,0,0,0,3,0,3,1,1,0,1,3,3,2,3,0,1,7,0,0,0,0,0,0,0,0,0,0,53.38981953048631,25.271255806766497,10.0,0.0,0.0,0.0,0.0,82.3891113614863,13.250194342104896,Medio
Llorente          ,40803,27723,112,100,212,0,0,0,0,0,0,36,20,16,2,0,2,174,92,82,38,20,18,0,0,0,0,0,0,0,0,0,0,38,20,18,212,18.811881188,185,97,88,27,15,12,20,11,9,3,1,2,1,1,0,2,2,0,4,3,1,0,0,0,2,2,0,212,36.0,40,20,20,17,6,11,155,86,69,57,26,31,212,22.267206477,2,0,2,96,61,35,85,34,51,13.333333333,105.63,1,3,0,0,19,9,0,0,0,0,3,0,25,5,2,3,0,0,1,1,1,2,0,1,1,1,3,3,1,0,1,2,1,1,0,2,1,2,1,0,0,0,43.948925264237225,25.271255806766497,10.0,0.0,0.0,0.0,0.0,144.36134626223722,29.11617878137286,Alto-medio
Llorente          ,40803,27922,301,300,601,10,6,4,10,6,4,79,42,37,17,6,11,488,244,244,110,54,56,3,3,0,0,0,0,0,0,0,0,113,57,56,601,55.940594059,555,273,282,46,28,18,24,15,9,4,1,3,0,0,0,12,6,6,6,3,3,6,6,0,3,0,3,601,61.333333333,169,87,82,34,11,23,398,203,195,203,98,105,601,81.376518218,14,7,7,252,165,87,200,58,142,93.333333333,88.8677,1,1,0,0,51,21,0,0,5,0,23,1,37,12,10,4,4,5,3,1,0,4,2,0,0,1,8,3,9,1,5,5,3,8,1,0,3,7,0,13,0,0,27.245904285690084,25.271255806766497,10.0,0.0,0.0,0.0,0.0,329.2296832286901,76.44573148058569,Alto
Llorente          ,40803,28030,41,36,77,0,0,0,0,0,0,0,0,0,0,0,0,77,41,36,0,0,0,0,0,0,0,0,0,0,0,0,0,0,0,0,77,0.0,75,41,34,2,0,2,1,0,1,0,0,0,0,0,0,0,0,0,0,0,0,1,0,1,0,0,0,77,2.666666666,21,16,5,1,1,0,55,24,31,22,17,5,77,8.097165991,0,0,0,42,22,20,18,6,12,0.0,71.4304,0,0,0,0,1,2,0,1,3,0,1,1,5,0,3,0,0,0,2,0,0,1,0,0,2,0,1,1,0,1,2,7,0,1,2,0,0,4,0,1,0,0,9.870270410313797,25.271255806766497,10.0,0.0,0.0,0.0,0.0,30.634103067313795,0.0,Bajo
Llorente          ,40803,29089,52,53,105,0,0,0,0,0,0,7,3,4,0,0,0,98,49,49,7,3,4,0,0,0,0,0,0,0,0,0,0,7,3,4,105,3.465346534,100,50,50,5,2,3,4,2,2,1,1,0,0,0,0,1,0,1,0,0,0,0,0,0,0,0,0,105,6.666666666,23,14,9,2,1,1,80,37,43,25,15,10,105,9.31174089,2,0,2,46,26,20,40,15,25,13.333333333,90.6663,0,0,0,0,10,2,1,0,0,0,1,0,5,3,2,1,0,0,2,0,1,1,0,0,1,0,0,2,1,1,0,4,0,4,0,0,2,1,0,1,0,0,29.038143628263292,25.271255806766497,10.0,0.0,0.0,0.0,0.0,71.81523105126328,10.543094610533855,Bajo-medio
Llorente          ,40803,30635,50,45,95,3,2,1,0,0,0,3,2,1,6,4,2,83,42,41,12,8,4,0,0,0,0,0,0,0,0,0,0,12,8,4,95,5.940594059,89,48,41,6,2,4,3,1,2,0,0,0,0,0,0,3,1,2,1,0,1,0,0,0,0,0,0,95,8.0,16,9,7,6,4,2,73,37,36,22,13,9,95,8.097165991,1,1,0,44,27,17,40,18,22,6.666666666,105.6184,0,0,0,0,2,2,1,0,0,0,0,0,6,4,5,1,1,0,2,1,1,3,1,0,0,0,3,1,3,3,2,1,0,0,0,0,0,1,0,0,0,0,43.93736628704727,25.271255806766497,10.0,0.0,0.0,0.0,0.0,82.64179300304727,13.314885296037984,Medio
Llorente          ,40803,30880,38,49,87,0,0,0,0,0,0,0,0,0,0,0,0,87,38,49,0,0,0,0,0,0,0,0,0,0,0,0,0,0,0,0,87,0.0,78,35,43,9,3,6,6,3,3,1,0,1,1,0,1,4,1,3,1,0,1,1,0,1,0,0,0,87,12.0,14,5,9,6,1,5,67,32,35,20,6,14,87,7.287449392,0,0,0,49,24,25,27,9,18,0.0,91.1357,0,0,0,0,5,3,2,0,0,0,0,0,4,8,1,0,1,0,2,0,2,0,0,0,2,0,4,1,1,1,0,6,0,3,0,2,0,1,0,0,0,0,29.50588361903604,25.271255806766497,10.0,0.0,0.0,0.0,0.0,58.79333301103604,7.209259192029753,Bajo-medio
Llorente          ,40803,31719,30,51,81,5,2,3,0,0,0,20,11,9,0,0,0,56,17,39,25,13,12,0,0,0,0,0,0,0,0,0,0,25,13,12,81,12.376237623,76,28,48,5,2,3,4,2,2,0,0,0,0,0,0,0,0,0,0,0,0,0,0,0,1,0,1,81,6.666666666,22,6,16,4,3,1,55,21,34,26,9,17,81,9.71659919,0,0,0,32,19,13,34,7,27,0.0,121.11,1,0,0,0,7,4,1,0,0,0,1,0,4,2,3,0,0,0,0,0,0,1,0,0,0,1,0,0,1,3,0,0,0,0,0,0,0,0,1,2,0,0,59.374181031519136,25.271255806766497,10.0,0.0,0.0,0.0,0.0,98.13368451051913,17.28108257754667,Medio
Llorente          ,40803,32029,46,54,100,1,1,0,0,0,0,8,3,5,11,1,10,80,41,39,20,5,15,0,0,0,0,0,0,0,0,0,0,20,5,15,100,9.900990099,76,38,38,24,8,16,16,4,12,4,1,3,1,1,0,13,5,8,0,0,0,0,0,0,0,0,0,100,32.0,15,5,10,11,5,6,74,36,38,26,10,16,100,9.71659919,1,0,1,41,24,17,44,17,27,6.666666666,104.2879,0,0,0,0,5,1,0,0,0,0,0,0,7,5,1,0,2,2,0,0,0,0,0,0,1,0,1,2,3,1,2,1,0,3,2,0,0,1,0,1,0,0,42.61157153263069,25.271255806766497,10.0,0.0,0.0,0.0,0.0,110.89582748763068,20.54841612152559,Alto-medio
Llorente          ,40803,35539,95,107,202,0,0,0,10,6,4,53,27,26,20,10,10,129,56,73,63,35,28,10,4,6,0,0,0,0,0,0,0,73,39,34,202,36.138613861,188,86,102,14,9,5,7,3,4,2,1,1,0,0,0,7,5,2,0,0,0,0,0,0,0,0,0,202,18.666666666,52,25,27,2,1,1,148,69,79,54,26,28,202,21.052631578,1,1,0,93,50,43,69,28,41,6.666666666,114.8829,0,0,0,0,24,14,2,0,0,0,2,0,7,5,4,1,3,5,0,0,0,1,1,0,0,1,1,0,5,4,1,2,0,0,0,1,0,1,0,8,0,0,53.16910285397125,25.271255806766497,10.0,0.0,0.0,0.0,0.0,145.69368162497125,29.45728011759026,Alto-medio
Llorente          ,40803,36784,118,123,241,6,2,4,0,0,0,40,24,16,15,7,8,185,88,97,51,27,24,5,3,2,0,0,0,0,0,0,0,56,30,26,241,27.722772277,232,113,119,9,5,4,2,1,1,0,0,0,1,1,0,2,1,1,3,2,1,1,0,1,1,1,0,241,12.0,78,37,41,8,5,3,155,76,79,86,42,44,241,34.008097165,1,0,1,82,60,22,97,32,65,6.666666666,85.0119,2,0,0,0,11,5,6,0,4,0,4,0,9,2,11,3,2,1,0,0,0,0,0,0,3,2,2,3,4,1,0,3,0,0,1,0,1,0,0,2,0,0,23.40374012629179,25.271255806766497,10.0,0.0,0.0,0.0,0.0,113.80127623429179,21.29226221126952,Alto-medio
Llorente          ,40803,37231,114,127,241,36,22,14,8,5,3,48,21,27,26,8,18,146,68,78,72,36,36,23,10,13,0,0,0,0,0,0,0,95,46,49,241,47.02970297,193,96,97,48,18,30,39,14,25,3,1,2,0,0,0,0,0,0,0,0,0,2,1,1,6,3,3,241,64.0,59,29,30,8,4,4,174,81,93,67,33,34,241,26.315789473,0,0,0,91,64,27,106,25,81,0.0,88.6237,3,0,0,0,18,4,8,0,3,0,2,0,11,3,9,3,1,3,0,1,1,0,0,0,0,1,1,2,0,0,1,2,1,0,1,2,4,0,0,6,0,0,27.00276717928073,25.271255806766497,10.0,0.0,0.0,0.0,0.0,174.34825962228075,36.793357142199774,Alto
Llorente          ,40803,38334,37,41,78,4,1,3,0,0,0,18,6,12,4,1,3,52,26,26,18,6,12,4,1,3,0,0,0,0,0,0,4,22,7,15,78,10.891089108,72,34,38,6,3,3,1,0,1,1,0,1,0,0,0,5,3,2,0,0,0,0,0,0,0,0,0,78,8.0,23,16,7,3,1,2,52,20,32,26,17,9,78,9.71659919,4,1,3,35,18,17,18,3,15,26.666666666,91.4232,0,0,0,0,1,1,0,0,0,0,6,0,1,3,4,0,0,1,1,1,0,1,0,0,1,1,1,0,1,5,1,2,0,2,1,0,0,0,0,0,0,0,29.79236688990772,25.271255806766497,10.0,0.0,0.0,0.0,0.0,95.06672185390772,16.495886080058035,Medio
Llorente          ,40803,70577,108,113,221,0,0,0,0,0,0,47,23,24,0,0,0,174,85,89,47,23,24,0,0,0,0,0,0,0,0,0,0,47,23,24,221,23.267326732,204,102,102,17,6,11,10,4,6,4,0,4,1,0,1,6,3,3,2,1,1,1,0,1,0,0,0,221,22.666666666,47,23,24,12,6,6,162,79,83,59,29,30,221,23.076923076,3,0,3,106,64,42,74,26,48,20.0,91.8966,2,0,1,0,12,3,1,0,1,0,2,0,16,6,3,2,3,2,1,1,3,4,0,0,2,2,9,4,0,1,3,10,4,5,1,0,0,2,0,0,0,0,30.264092734883896,25.271255806766497,10.0,0.0,0.0,0.0,0.0,129.2750092088839,25.253810588303942,Alto-medio
Llorente          ,40803,70578,60,56,116,9,5,4,0,0,0,16,9,7,4,2,2,87,44,43,29,16,13,0,0,0,0,0,0,0,0,0,0,29,16,13,116,14.356435643,104,52,52,12,8,4,8,6,2,2,1,1,0,0,0,2,1,1,1,0,1,0,0,0,0,0,0,116,16.0,16,6,10,11,8,3,89,46,43,27,14,13,116,10.121457489,5,3,2,59,39,20,39,12,27,33.333333333,96.0321,1,0,0,0,6,3,0,0,0,0,2,0,6,4,6,2,0,0,3,0,3,1,0,0,2,0,3,1,0,1,4,6,1,1,1,0,1,0,0,1,0,0,34.384967749457175,25.271255806766497,10.0,0.0,0.0,0.0,0.0,118.19619421445718,22.417438677744155,Alto-medio
